seas_id,season,player_id,player,birth_year,pos,age,experience,lg,tm,g,gs,mp_per_game,fg_per_game,fga_per_game,fg_percent,x3p_per_game,x3pa_per_game,x3p_percent,x2p_per_game,x2pa_per_game,x2p_percent,e_fg_percent,ft_per_game,fta_per_game,ft_percent,orb_per_game,drb_per_game,trb_per_game,ast_per_game,stl_per_game,blk_per_game,tov_per_game,pf_per_game,pts_per_game
31871,2025,5025,A.J. Green,,SG,25.0,3,NBA,MIL,30,4.0,21.6,2.6,5.8,0.451,2.3,5.1,0.442,0.3,0.6,0.526,0.647,0.3,0.3,0.889,0.2,2.1,2.3,1.3,0.5,0.1,0.6,2.0,7.7
31872,2025,5026,A.J. Lawson,,SG,24.0,3,NBA,TOR,3,0.0,4.7,1.0,2.3,0.429,0.7,1.7,0.4,0.3,0.7,0.5,0.571,0.3,0.7,0.5,0.3,0.7,1.0,0.0,0.0,0.0,0.0,0.0,3.0
31873,2025,5210,AJ Johnson,,SG,20.0,1,NBA,MIL,5,0.0,2.2,0.6,1.2,0.5,0.2,0.2,1.0,0.4,1.0,0.4,0.583,0.0,0.0,,0.0,0.4,0.4,0.2,0.0,0.0,0.4,0.0,1.4
31874,2025,4219,Aaron Gordon,,PF,29.0,11,NBA,DEN,17,16.0,28.8,4.8,9.1,0.523,1.3,2.9,0.44,3.5,6.2,0.562,0.594,2.9,3.8,0.754,1.9,3.9,5.8,3.1,0.5,0.2,1.4,1.8,13.7
31875,2025,4582,Aaron Holiday,,PG,28.0,7,NBA,HOU,21,0.0,9.3,1.3,2.8,0.458,0.8,1.9,0.425,0.5,0.9,0.526,0.602,0.5,0.6,0.846,0.0,0.9,0.9,1.2,0.2,0.1,0.3,0.7,3.9
31876,2025,4805,Aaron Nesmith,,SF,25.0,5,NBA,IND,6,6.0,22.7,3.2,6.0,0.528,1.0,1.8,0.545,2.2,4.2,0.52,0.611,1.8,2.2,0.846,0.7,3.3,4.0,1.0,0.7,0.3,0.8,4.0,9.2
31877,2025,4900,Aaron Wiggins,,SG,26.0,4,NBA,OKC,32,9.0,19.8,3.4,7.6,0.451,1.4,3.6,0.379,2.1,4.0,0.516,0.541,0.6,0.8,0.833,0.8,2.3,3.2,1.3,0.9,0.3,0.8,1.2,8.9
31878,2025,5109,Adam Flagler,,SG,25.0,2,NBA,OKC,11,0.0,3.6,0.5,1.8,0.25,0.5,1.7,0.263,0.0,0.1,0.0,0.375,0.0,0.0,,0.2,0.4,0.5,0.0,0.2,0.0,0.0,0.4,1.4
31879,2025,5110,Adama Sanogo,,C,22.0,2,NBA,CHI,4,0.0,5.3,1.0,1.8,0.571,0.0,0.0,,1.0,1.8,0.571,0.571,0.0,0.0,,1.3,0.3,1.5,0.3,0.0,0.0,0.3,0.3,2.0
31880,2025,5211,Adem Bona,,C,21.0,1,NBA,PHI,16,0.0,6.6,0.6,0.9,0.643,0.0,0.0,,0.6,0.9,0.643,0.643,0.5,0.6,0.889,0.6,1.1,1.7,0.1,0.0,0.4,0.4,1.1,1.6
31881,2025,5212,Ajay Mitchell,,SG,22.0,1,NBA,OKC,32,1.0,16.3,2.4,4.8,0.506,0.7,1.5,0.438,1.8,3.3,0.538,0.575,0.7,0.8,0.815,0.5,1.5,2.0,1.7,0.8,0.1,0.8,1.8,6.2
31882,2025,3734,Al Horford,,C,38.0,18,NBA,BOS,26,23.0,27.7,3.2,7.6,0.419,2.0,5.5,0.364,1.2,2.1,0.564,0.551,0.4,0.5,0.833,0.8,4.5,5.3,2.3,0.7,0.8,0.9,1.7,8.8
31883,2025,3982,Alec Burks,,SG,33.0,14,NBA,MIA,16,0.0,17.1,2.1,4.6,0.452,1.5,3.3,0.462,0.6,1.3,0.429,0.616,1.0,1.3,0.8,0.4,1.7,2.1,1.1,0.7,0.3,0.3,0.8,6.6
31884,2025,4465,Alex Caruso,,SG,30.0,8,NBA,OKC,20,0.0,19.9,2.2,5.7,0.377,0.9,3.3,0.262,1.3,2.5,0.531,0.452,0.4,0.5,0.778,0.6,2.3,2.9,2.5,1.9,0.6,0.8,2.0,5.5
31885,2025,5213,Alex Ducas,,SG,24.0,1,NBA,OKC,4,0.0,1.8,0.0,0.8,0.0,0.0,0.5,0.0,0.0,0.3,0.0,0.0,0.0,0.0,,0.0,0.0,0.0,0.0,0.0,0.0,0.0,0.0,0.0
31886,2025,4142,Alex Len,,C,31.0,12,NBA,SAC,25,3.0,7.3,0.7,1.3,0.515,0.0,0.2,0.0,0.7,1.2,0.586,0.515,0.2,0.4,0.545,0.6,1.3,2.0,0.9,0.1,0.6,0.3,0.9,1.6
31887,2025,5214,Alex Reese,,PF,25.0,1,NBA,OKC,1,0.0,2.0,1.0,1.0,1.0,0.0,0.0,,1.0,1.0,1.0,1.0,0.0,0.0,,1.0,0.0,1.0,0.0,0.0,0.0,0.0,0.0,2.0
31888,2025,5215,Alex Sarr,,C,19.0,1,NBA,WAS,27,27.0,27.3,4.4,10.8,0.405,1.5,4.7,0.317,2.9,6.1,0.473,0.474,1.4,2.2,0.633,1.9,4.2,6.1,2.1,0.7,1.8,1.5,2.8,11.6
31889,2025,5028,Alondes Williams,,SG,25.0,3,NBA,DET,1,0.0,4.0,2.0,2.0,1.0,1.0,1.0,1.0,1.0,1.0,1.0,1.25,0.0,0.0,,0.0,0.0,0.0,1.0,0.0,0.0,0.0,0.0,5.0
31890,2025,4904,Alperen Sengun,,C,22.0,4,NBA,HOU,32,32.0,31.3,7.5,15.2,0.491,0.3,1.5,0.229,7.1,13.7,0.519,0.502,3.7,4.8,0.76,3.5,7.3,10.8,5.1,1.2,1.0,2.4,2.8,18.9
31891,2025,5113,Amen Thompson,,SF,22.0,2,NBA,HOU,32,5.0,27.8,4.6,8.3,0.556,0.3,1.3,0.262,4.3,7.0,0.612,0.577,2.3,3.4,0.694,2.5,4.6,7.1,2.2,1.1,1.1,1.8,2.3,11.9
31892,2025,4690,Amir Coffey,,SG,27.0,6,NBA,LAC,32,8.0,24.6,3.5,7.2,0.489,1.6,3.7,0.429,1.9,3.5,0.554,0.6,1.4,1.6,0.846,0.5,2.1,2.6,1.1,0.5,0.1,0.7,1.6,10.0
31893,2025,4064,Andre Drummond,,C,31.0,13,NBA,PHI,24,14.0,19.3,2.8,5.6,0.5,0.0,0.4,0.111,2.8,5.2,0.528,0.504,1.3,2.3,0.574,2.8,5.3,8.0,0.5,1.3,0.4,1.7,2.5,6.9
31894,2025,5114,Andre Jackson Jr.,,SG,23.0,2,NBA,MIL,30,22.0,18.2,1.4,3.5,0.396,0.6,1.7,0.353,0.8,1.8,0.436,0.481,0.2,0.4,0.538,0.9,2.2,3.1,1.5,0.6,0.2,1.2,2.4,3.6
31895,2025,5029,Andrew Nembhard,,SG,25.0,3,NBA,IND,19,19.0,26.9,4.1,8.7,0.464,0.8,2.4,0.348,3.2,6.3,0.508,0.512,1.9,2.2,0.881,0.4,2.6,3.0,4.8,0.7,0.2,1.8,1.9,10.9
31896,2025,4223,Andrew Wiggins,,SF,29.0,11,NBA,GSW,28,28.0,29.1,5.8,12.9,0.446,2.2,5.4,0.407,3.6,7.5,0.474,0.53,2.8,3.5,0.786,1.6,2.8,4.4,2.3,0.9,0.9,1.2,1.7,16.4
31897,2025,4586,Anfernee Simons,,SG,25.0,7,NBA,POR,29,29.0,31.2,6.2,15.0,0.413,2.6,7.7,0.33,3.7,7.3,0.5,0.498,2.5,2.8,0.901,0.3,2.3,2.7,4.9,1.0,0.1,2.3,2.0,17.5
31898,2025,5116,Anthony Black,,PG,21.0,2,NBA,ORL,33,3.0,24.0,3.0,7.2,0.412,0.6,2.4,0.266,2.3,4.8,0.484,0.456,1.9,2.6,0.753,0.6,2.1,2.7,3.5,0.9,0.7,2.2,2.3,8.5
31899,2025,4066,Anthony Davis,,C,31.0,13,NBA,LAL,31,31.0,34.7,9.5,18.0,0.527,0.7,2.2,0.324,8.8,15.8,0.555,0.547,6.4,8.3,0.777,2.5,9.0,11.6,3.5,1.3,2.0,2.2,1.9,26.1
31900,2025,4808,Anthony Edwards,,SG,23.0,5,NBA,MIN,32,32.0,36.1,8.8,19.9,0.443,4.0,9.7,0.415,4.8,10.2,0.471,0.545,3.1,3.8,0.811,0.7,5.0,5.7,3.9,1.3,0.6,3.1,1.9,24.8
31901,2025,4809,Anthony Gill,,PF,32.0,5,NBA,WAS,21,0.0,7.2,0.9,1.7,0.514,0.2,0.6,0.333,0.7,1.1,0.609,0.571,0.5,0.9,0.556,0.3,1.0,1.3,0.3,0.2,0.0,0.2,0.6,2.4
31902,2025,5216,Antonio Reeves,,SG,24.0,1,NBA,NOP,16,0.0,9.3,1.8,4.4,0.4,0.6,2.1,0.265,1.2,2.3,0.528,0.464,0.4,0.4,0.857,0.4,0.8,1.1,0.6,0.3,0.0,0.3,0.4,4.4
31903,2025,5217,Ariel Hukporti,,C,22.0,1,NBA,NYK,12,0.0,8.3,0.8,1.2,0.643,0.0,0.0,,0.8,1.2,0.643,0.643,0.3,0.7,0.5,0.3,1.5,1.8,0.5,0.0,0.7,0.8,1.2,1.8
31904,2025,5218,Armel Traoré,,SF,22.0,1,NBA,LAL,8,0.0,7.6,0.6,2.3,0.278,0.0,0.9,0.0,0.6,1.4,0.455,0.278,0.3,0.9,0.286,0.1,1.6,1.8,0.1,0.5,0.3,0.3,0.8,1.5
31905,2025,5117,Ausar Thompson,,SF,22.0,2,NBA,DET,12,3.0,17.4,3.3,6.7,0.488,0.3,1.3,0.25,2.9,5.3,0.547,0.513,0.8,1.5,0.5,1.4,2.8,4.2,1.8,0.9,0.3,1.3,2.8,7.6
31906,2025,4906,Austin Reaves,,SG,26.0,4,NBA,LAL,27,27.0,34.5,6.2,13.9,0.449,2.6,7.2,0.361,3.6,6.7,0.544,0.543,3.3,4.1,0.809,0.9,3.5,4.3,5.7,1.0,0.1,2.5,2.1,18.3
31907,2025,4907,Ayo Dosunmu,,SG,25.0,4,NBA,CHI,30,17.0,30.8,4.9,10.0,0.49,1.3,4.2,0.32,3.6,5.8,0.611,0.557,1.4,1.8,0.796,0.6,3.3,3.9,4.8,0.8,0.5,1.3,2.3,12.6
31908,2025,4472,Bam Adebayo,,C,27.0,8,NBA,MIA,30,30.0,34.9,6.2,13.7,0.45,0.8,2.7,0.288,5.4,11.0,0.489,0.478,3.0,4.2,0.717,2.4,7.5,9.9,4.7,1.4,0.9,2.1,2.2,16.1
31909,2025,5219,Baylor Scheierman,,SG,24.0,1,NBA,BOS,5,0.0,6.8,0.2,2.0,0.1,0.0,1.2,0.0,0.2,0.8,0.25,0.1,0.4,0.4,1.0,0.4,1.0,1.4,0.4,0.2,0.0,0.0,0.6,0.8
31910,2025,5118,Ben Sheppard,,SG,23.0,2,NBA,IND,20,6.0,19.9,2.1,5.0,0.42,1.4,3.6,0.38,0.8,1.5,0.517,0.555,0.0,0.0,,0.5,2.0,2.5,1.1,0.4,0.3,0.4,2.5,5.6
31911,2025,4474,Ben Simmons,,PG,28.0,7,NBA,BRK,25,19.0,25.1,2.7,4.8,0.562,0.0,0.0,,2.7,4.8,0.562,0.562,0.6,0.8,0.714,0.9,4.4,5.4,6.9,0.8,0.5,2.9,2.3,6.0
31912,2025,5030,Bennedict Mathurin,,SG,22.0,3,NBA,IND,34,29.0,33.1,5.7,12.4,0.463,1.5,3.9,0.373,4.3,8.4,0.505,0.523,3.9,4.7,0.83,1.3,4.9,6.2,1.9,0.7,0.4,2.1,2.7,16.8
31913,2025,5119,Bilal Coulibaly,,SF,20.0,2,NBA,WAS,28,28.0,34.7,4.8,11.1,0.428,1.2,4.0,0.297,3.6,7.1,0.5,0.481,2.6,3.3,0.785,1.4,4.3,5.6,3.7,1.4,0.8,2.1,2.5,13.3
31914,2025,5031,Blake Wesley,,SG,21.0,3,NBA,SAS,23,0.0,11.3,1.5,3.3,0.461,0.2,0.9,0.2,1.3,2.4,0.554,0.487,0.7,0.9,0.714,0.3,0.6,0.8,2.0,0.4,0.1,1.0,0.6,3.9
31915,2025,4307,Bobby Portis,,PF,29.0,10,NBA,MIL,30,5.0,25.4,5.8,12.4,0.472,1.3,3.6,0.367,4.5,8.7,0.515,0.526,1.1,1.4,0.78,1.9,6.2,8.1,2.2,0.8,0.6,1.2,1.7,14.1
31916,2025,4475,Bogdan Bogdanović,,SG,32.0,8,NBA,ATL,14,0.0,25.4,3.9,9.5,0.406,2.1,6.4,0.337,1.7,3.1,0.545,0.519,1.4,1.5,0.952,0.6,2.5,3.1,2.2,0.9,0.3,1.8,2.6,11.3
31917,2025,4692,Bol Bol,,PF,25.0,6,NBA,PHO,7,0.0,5.3,1.3,2.1,0.6,0.1,0.7,0.2,1.1,1.4,0.8,0.633,0.6,0.9,0.667,0.6,1.0,1.6,0.1,0.0,0.0,0.4,0.1,3.3
31918,2025,4908,Bones Hyland,,PG,24.0,4,NBA,LAC,13,0.0,11.8,2.5,6.4,0.386,1.8,4.5,0.414,0.6,1.9,0.32,0.53,1.3,1.5,0.85,0.2,0.8,1.1,1.2,0.8,0.3,1.2,1.2,8.1
31919,2025,4072,Bradley Beal,,SG,31.0,13,NBA,PHO,22,22.0,33.4,7.1,14.6,0.489,2.2,5.8,0.386,4.9,8.8,0.557,0.565,1.7,2.3,0.76,0.7,3.0,3.7,3.1,1.2,0.7,2.2,2.7,18.2
31920,2025,5220,Branden Carlson,,C,25.0,1,NBA,OKC,6,0.0,3.7,0.2,1.3,0.125,0.0,1.0,0.0,0.2,0.3,0.5,0.125,0.3,0.3,1.0,0.5,1.0,1.5,0.3,0.2,0.2,0.2,0.2,0.7
31921,2025,5120,Brandin Podziemski,,SG,21.0,2,NBA,GSW,30,8.0,24.2,3.1,7.7,0.404,1.0,3.5,0.295,2.1,4.2,0.496,0.472,0.7,1.0,0.733,1.0,3.5,4.5,3.2,1.0,0.2,1.0,1.5,8.0
31922,2025,4909,Brandon Boston Jr.,,SG,23.0,4,NBA,NOP,30,10.0,25.4,4.3,9.7,0.442,1.3,3.6,0.349,3.0,6.1,0.497,0.507,1.6,2.0,0.803,0.6,2.7,3.3,2.7,1.4,0.2,1.4,1.8,11.5
31923,2025,4693,Brandon Clarke,,PF,28.0,6,NBA,MEM,31,17.0,18.4,3.3,5.5,0.606,0.0,0.5,0.063,3.3,5.0,0.662,0.609,0.6,1.0,0.613,1.7,3.4,5.1,1.0,0.8,0.5,0.5,2.2,7.3
31924,2025,4378,Brandon Ingram,,SF,27.0,9,NBA,NOP,18,18.0,33.1,8.6,18.5,0.465,2.4,6.4,0.374,6.2,12.1,0.514,0.53,2.6,3.1,0.855,0.9,4.6,5.6,5.2,0.9,0.6,3.8,2.5,22.2
31925,2025,5121,Brandon Miller,,SF,22.0,2,NBA,CHO,23,23.0,34.5,7.4,18.6,0.4,3.9,11.0,0.352,3.6,7.6,0.471,0.505,2.7,3.0,0.897,0.9,4.2,5.1,3.7,1.1,0.7,2.8,2.7,21.4
31926,2025,4910,Brandon Williams,1999.0,PG,25.0,3,NBA,DAL,6,0.0,6.8,1.0,2.5,0.4,0.0,0.7,0.0,1.0,1.8,0.545,0.4,0.7,0.8,0.8,0.2,0.7,0.8,0.7,0.2,0.0,0.7,0.5,2.7
31927,2025,5122,Brice Sensabaugh,,SF,21.0,2,NBA,UTA,25,0.0,16.8,2.8,6.2,0.452,1.5,3.9,0.392,1.3,2.3,0.552,0.574,0.8,0.9,0.913,0.6,2.0,2.6,1.3,0.6,0.1,1.4,1.2,8.0
31928,2025,5221,Bronny James,,SG,20.0,1,NBA,LAL,7,0.0,2.6,0.1,1.1,0.125,0.0,0.6,0.0,0.1,0.6,0.25,0.125,0.3,0.3,1.0,0.1,0.0,0.1,0.3,0.1,0.1,0.0,0.3,0.6
31929,2025,3801,Brook Lopez,,C,36.0,17,NBA,MIL,31,31.0,32.4,4.7,9.7,0.49,1.9,5.1,0.371,2.8,4.5,0.624,0.588,1.0,1.3,0.756,1.2,3.7,4.9,1.6,0.9,1.9,1.1,2.2,12.4
31930,2025,4593,Bruce Brown,,PG,28.0,7,NBA,TOR,2,0.0,19.5,4.0,9.5,0.421,0.5,2.0,0.25,3.5,7.5,0.467,0.447,0.5,1.0,0.5,1.0,1.5,2.5,1.0,1.0,0.0,0.5,2.0,9.0
31931,2025,4695,Bruno Fernando,,C,26.0,6,NBA,TOR,17,2.0,8.6,1.5,2.9,0.531,0.0,0.0,,1.5,2.9,0.531,0.531,0.4,0.5,0.75,1.2,1.8,3.0,1.1,0.2,0.5,0.8,1.6,3.4
31932,2025,5032,Bryce McGowens,,SG,22.0,3,NBA,POR,2,0.0,3.5,0.5,1.0,0.5,0.0,0.5,0.0,0.5,0.5,1.0,0.5,0.0,0.0,,0.5,0.0,0.5,0.5,0.0,0.0,0.0,0.0,1.0
31933,2025,4381,Buddy Hield,,SG,32.0,9,NBA,GSW,32,6.0,22.8,4.5,10.5,0.429,2.8,7.2,0.393,1.7,3.3,0.505,0.563,0.8,0.8,0.923,0.6,2.8,3.4,1.2,0.8,0.3,1.3,1.8,12.6
31934,2025,4150,CJ McCollum,,PG,33.0,12,NBA,NOP,20,20.0,33.8,8.2,18.7,0.44,2.9,8.2,0.348,5.4,10.5,0.512,0.516,2.2,3.1,0.705,0.8,3.1,3.9,4.1,1.1,0.5,1.8,2.5,21.4
31935,2025,4912,Cade Cunningham,,PG,23.0,4,NBA,DET,28,28.0,35.9,9.0,20.0,0.447,2.4,6.6,0.362,6.6,13.4,0.489,0.507,3.6,4.5,0.803,1.0,5.7,6.7,9.7,0.8,0.9,4.4,2.8,24.0
31936,2025,5034,Caleb Houstan,,SF,22.0,3,NBA,ORL,21,0.0,6.2,0.5,1.6,0.324,0.4,1.3,0.321,0.1,0.3,0.333,0.456,0.2,0.2,1.0,0.1,0.3,0.4,0.2,0.0,0.1,0.0,0.4,1.7
31937,2025,4696,Caleb Martin,,SF,29.0,6,NBA,PHI,25,18.0,30.0,3.2,7.5,0.426,1.1,2.9,0.375,2.1,4.6,0.457,0.497,1.7,2.6,0.646,1.4,3.0,4.4,2.1,1.0,0.5,1.5,1.9,9.2
31938,2025,5222,Cam Christie,,SG,19.0,1,NBA,LAC,1,0.0,18.0,2.0,7.0,0.286,1.0,4.0,0.25,1.0,3.0,0.333,0.357,0.0,0.0,,1.0,2.0,3.0,0.0,2.0,0.0,1.0,0.0,5.0
31939,2025,4697,Cam Reddish,,SF,25.0,6,NBA,LAL,25,8.0,19.5,1.3,2.9,0.452,0.4,1.5,0.289,0.9,1.4,0.629,0.527,0.5,0.8,0.619,0.5,1.6,2.1,0.8,1.2,0.4,0.5,1.6,3.6
31940,2025,5223,Cam Spencer,,SG,24.0,1,NBA,MEM,8,0.0,12.3,1.1,2.9,0.391,0.5,1.5,0.333,0.6,1.4,0.455,0.478,1.0,1.0,1.0,0.6,1.4,2.0,1.8,0.4,0.1,0.6,1.3,3.8
31941,2025,4913,Cam Thomas,,SG,23.0,4,NBA,BRK,18,17.0,32.9,7.9,17.5,0.454,2.9,7.4,0.391,5.1,10.1,0.5,0.537,5.9,6.8,0.87,0.4,3.0,3.4,3.4,0.7,0.1,2.8,1.9,24.7
31942,2025,5123,Cam Whitmore,,SF,20.0,2,NBA,HOU,14,0.0,12.4,3.2,7.4,0.433,0.7,3.1,0.227,2.5,4.3,0.583,0.481,1.2,1.7,0.708,0.7,1.7,2.4,0.5,0.4,0.1,0.6,0.8,8.4
31943,2025,4698,Cameron Johnson,,PF,28.0,6,NBA,BRK,30,30.0,32.6,6.2,12.8,0.488,3.2,7.5,0.429,3.0,5.3,0.572,0.614,3.5,3.9,0.889,0.7,3.6,4.3,3.1,0.9,0.5,1.5,1.8,19.1
31944,2025,4311,Cameron Payne,,PG,30.0,10,NBA,NYK,27,0.0,15.1,2.6,5.9,0.438,1.5,3.7,0.4,1.1,2.2,0.5,0.563,0.4,0.4,0.833,0.3,1.3,1.6,2.6,0.6,0.3,0.6,1.8,7.0
31945,2025,4382,Caris LeVert,,SF,30.0,9,NBA,CLE,27,0.0,23.8,4.0,8.0,0.507,1.8,3.9,0.471,2.2,4.1,0.541,0.621,1.7,2.5,0.687,0.5,2.2,2.7,3.8,1.0,0.5,1.3,1.3,11.6
31946,2025,5224,Carlton Carrington,,PG,19.0,1,NBA,WAS,30,21.0,29.8,3.4,8.4,0.399,1.5,4.4,0.338,1.9,4.0,0.467,0.488,0.7,0.9,0.815,0.3,4.0,4.3,3.9,0.8,0.2,1.9,3.0,9.0
31947,2025,5124,Cason Wallace,,SG,21.0,2,NBA,OKC,31,19.0,26.8,2.6,6.4,0.412,0.9,3.1,0.292,1.7,3.3,0.524,0.482,0.3,0.4,0.818,1.2,2.2,3.4,2.4,1.7,0.7,0.6,2.1,6.5
31948,2025,4917,Charles Bassey,,C,24.0,4,NBA,SAS,22,0.0,10.4,2.0,3.6,0.57,0.0,0.0,,2.0,3.6,0.57,0.57,0.7,1.1,0.6,1.5,2.7,4.2,0.5,0.3,1.0,0.7,1.4,4.8
31949,2025,5125,Chet Holmgren,,C,22.0,2,NBA,OKC,10,10.0,26.5,5.6,11.1,0.505,1.4,3.7,0.378,4.2,7.4,0.568,0.568,3.8,4.9,0.776,1.6,7.1,8.7,2.0,0.8,2.6,2.3,1.8,16.4
31950,2025,4481,Chris Boucher,,PF,32.0,8,NBA,TOR,30,0.0,17.9,3.6,7.8,0.46,1.2,3.8,0.304,2.4,4.0,0.608,0.534,1.8,2.3,0.794,1.3,3.0,4.3,0.7,0.6,0.7,0.7,1.4,10.2
31951,2025,4919,Chris Duarte,,SG,27.0,4,NBA,CHI,13,0.0,4.2,0.8,1.5,0.5,0.4,0.9,0.417,0.4,0.6,0.625,0.625,0.5,0.6,0.75,0.3,0.9,1.2,0.4,0.0,0.0,0.1,0.4,2.4
31952,2025,5126,Chris Livingston,,SF,21.0,2,NBA,MIL,3,0.0,2.0,0.3,0.7,0.5,0.0,0.0,,0.3,0.7,0.5,0.5,0.0,0.0,,0.3,0.3,0.7,0.3,0.3,0.0,0.3,0.0,0.7
31953,2025,3585,Chris Paul,,PG,39.0,20,NBA,SAS,33,33.0,28.8,3.1,7.4,0.42,1.7,4.8,0.357,1.4,2.7,0.534,0.535,1.5,1.5,0.98,0.5,3.8,4.3,8.3,1.5,0.2,1.8,1.8,9.4
31954,2025,5036,Christian Braun,,SG,23.0,3,NBA,DEN,30,30.0,33.7,5.4,9.7,0.559,0.9,2.5,0.368,4.5,7.1,0.626,0.607,2.4,3.0,0.8,1.2,3.6,4.8,2.0,1.3,0.6,1.2,2.3,14.1
31955,2025,5037,Christian Koloko,,C,24.0,2,NBA,LAL,20,0.0,9.2,0.9,1.4,0.63,0.0,0.1,0.0,0.9,1.3,0.68,0.63,0.2,0.2,0.75,0.9,1.4,2.3,0.2,0.3,0.4,0.4,1.2,1.9
31956,2025,4230,Clint Capela,,C,30.0,11,NBA,ATL,33,33.0,23.0,4.3,7.4,0.58,0.0,0.0,,4.3,7.4,0.58,0.58,1.0,1.9,0.54,3.4,5.7,9.2,1.3,0.6,1.0,0.9,2.0,9.6
31957,2025,4703,Coby White,,SG,24.0,6,NBA,CHI,31,31.0,32.9,6.1,14.4,0.421,3.0,8.5,0.352,3.1,5.9,0.519,0.525,2.8,3.2,0.88,0.4,3.2,3.6,4.6,1.1,0.2,2.4,2.5,18.0
31958,2025,4704,Cody Martin,,SF,29.0,6,NBA,CHO,30,7.0,26.0,3.2,7.4,0.439,1.1,3.6,0.312,2.1,3.7,0.563,0.516,0.9,1.2,0.703,1.1,3.6,4.7,2.3,1.2,0.7,1.1,2.0,8.5
31959,2025,5225,Cody Williams,,SG,20.0,1,NBA,UTA,19,8.0,19.2,1.3,4.1,0.312,0.5,2.2,0.238,0.7,1.8,0.4,0.377,0.5,0.7,0.643,0.5,1.8,2.3,1.2,0.4,0.3,0.8,1.6,3.5
31960,2025,5127,Colby Jones,,SG,22.0,2,NBA,SAC,22,0.0,5.4,0.5,1.1,0.417,0.2,0.4,0.444,0.3,0.7,0.4,0.5,0.0,0.0,,0.3,0.6,0.9,0.2,0.2,0.2,0.3,0.6,1.1
31961,2025,4819,Cole Anthony,,PG,24.0,5,NBA,ORL,31,0.0,11.8,2.2,5.6,0.389,0.7,2.4,0.301,1.5,3.3,0.451,0.451,1.1,1.4,0.791,0.4,1.8,2.2,2.3,0.4,0.2,1.5,1.6,6.2
31962,2025,5038,Cole Swider,,SF,25.0,3,NBA,DET,2,0.0,6.5,0.0,2.5,0.0,0.0,2.5,0.0,0.0,0.0,,0.0,0.0,0.0,,0.0,1.0,1.0,0.5,0.0,0.0,0.0,0.5,0.0
31963,2025,5128,Colin Castleton,,C,24.0,2,NBA,MEM,10,0.0,4.6,0.2,1.0,0.2,0.0,0.4,0.0,0.2,0.6,0.333,0.2,1.0,1.1,0.909,0.3,0.6,0.9,0.0,0.1,0.1,0.1,0.6,1.4
31964,2025,5129,Collin Gillespie,,PG,25.0,2,NBA,PHO,1,0.0,3.0,1.0,2.0,0.5,1.0,1.0,1.0,0.0,1.0,0.0,0.75,0.0,0.0,,0.0,0.0,0.0,0.0,0.0,0.0,0.0,0.0,3.0
31965,2025,4598,Collin Sexton,,SG,26.0,7,NBA,UTA,31,29.0,28.4,6.3,12.9,0.484,1.9,4.5,0.424,4.4,8.5,0.515,0.557,3.0,3.4,0.894,0.9,1.7,2.6,3.8,0.8,0.1,2.6,2.3,17.4
31966,2025,4920,Corey Kispert,,SF,25.0,4,NBA,WAS,25,0.0,26.9,4.2,9.5,0.439,2.0,5.8,0.336,2.2,3.6,0.604,0.542,1.1,1.3,0.844,0.4,2.8,3.2,1.6,0.6,0.2,1.1,1.6,11.4
31967,2025,3992,Cory Joseph,,PG,33.0,14,NBA,ORL,19,0.0,6.1,0.6,1.7,0.333,0.4,1.2,0.364,0.2,0.6,0.273,0.455,0.0,0.0,,0.3,0.7,1.0,0.7,0.3,0.1,0.3,0.4,1.6
31968,2025,5130,Craig Porter Jr.,,PG,24.0,2,NBA,CLE,19,0.0,8.8,1.1,1.9,0.556,0.3,0.6,0.455,0.8,1.3,0.6,0.625,0.2,0.3,0.6,0.1,0.8,0.9,1.3,0.3,0.3,0.5,0.4,2.5
31969,2025,5226,Cui Yongxi,,SG,21.0,1,NBA,BRK,5,0.0,2.0,0.2,1.4,0.143,0.0,0.6,0.0,0.2,0.8,0.25,0.143,0.2,0.4,0.5,0.0,0.4,0.4,0.0,0.0,0.0,0.0,0.0,0.6
31970,2025,4317,D'Angelo Russell,,PG,28.0,10,NBA,LAL,29,10.0,26.3,4.4,10.7,0.415,1.9,5.8,0.333,2.5,4.9,0.51,0.505,1.6,1.8,0.849,0.3,2.5,2.8,4.7,0.8,0.1,1.7,1.8,12.4
31971,2025,5132,D.J. Carton,,SG,24.0,2,NBA,TOR,4,0.0,8.3,0.3,1.8,0.143,0.0,0.8,0.0,0.3,1.0,0.25,0.143,0.3,0.3,1.0,0.0,1.0,1.0,0.8,0.5,0.0,1.0,0.3,0.8
31972,2025,4705,DaQuan Jeffries,,SG,27.0,5,NBA,CHO,8,0.0,19.0,3.0,5.6,0.533,1.1,2.5,0.45,1.9,3.1,0.6,0.633,0.4,0.5,0.75,0.8,2.1,2.9,0.6,0.6,0.6,0.8,1.8,7.5
31973,2025,4922,Daishen Nix,,PG,22.0,4,NBA,MIN,3,0.0,4.3,0.0,0.3,0.0,0.0,0.3,0.0,0.0,0.0,,0.0,0.3,0.7,0.5,0.0,1.3,1.3,1.0,0.0,0.0,1.3,0.3,0.3
31974,2025,4923,Dalano Banton,,PG,25.0,4,NBA,POR,25,0.0,16.5,3.4,8.1,0.421,1.2,3.5,0.356,2.2,4.6,0.47,0.498,1.5,2.2,0.661,0.4,1.9,2.2,2.6,0.9,0.5,1.7,1.1,9.5
31975,2025,5039,Dalen Terry,,SG,22.0,3,NBA,CHI,30,1.0,13.7,1.5,3.1,0.473,0.4,1.2,0.343,1.1,1.9,0.552,0.538,0.8,1.1,0.706,0.6,0.9,1.5,1.0,0.5,0.3,0.9,1.5,4.1
31976,2025,5227,Dalton Knecht,,SF,23.0,1,NBA,LAL,32,12.0,22.7,3.7,8.0,0.467,1.7,4.8,0.355,2.0,3.2,0.631,0.573,0.9,1.1,0.778,0.7,2.8,3.5,1.1,0.4,0.1,0.5,1.3,10.0
31977,2025,4077,Damian Lillard,,PG,34.0,13,NBA,MIL,24,24.0,36.3,7.7,17.5,0.44,3.4,9.3,0.368,4.3,8.2,0.523,0.538,6.3,6.9,0.921,0.6,3.9,4.5,7.6,1.1,0.2,2.9,1.9,25.2
31978,2025,4484,Damion Lee,,SG,32.0,7,NBA,PHO,7,0.0,6.7,0.7,3.0,0.238,0.1,1.7,0.083,0.6,1.3,0.444,0.262,0.9,0.9,1.0,0.0,0.7,0.7,0.7,0.3,0.0,0.4,0.3,2.4
31979,2025,4706,Daniel Gafford,,C,26.0,6,NBA,DAL,32,15.0,20.9,5.0,6.9,0.719,0.0,0.0,,5.0,6.9,0.719,0.719,2.2,3.2,0.683,2.5,3.7,6.2,1.2,0.5,1.4,1.1,2.7,12.1
31980,2025,4487,Daniel Theis,,C,32.0,8,NBA,NOP,23,7.0,14.5,1.4,3.2,0.452,0.2,1.0,0.227,1.2,2.2,0.549,0.486,0.8,0.9,0.9,0.9,2.8,3.7,1.5,0.4,0.6,0.7,1.8,3.9
31981,2025,5228,Daniss Jenkins,,PG,23.0,1,NBA,DET,2,0.0,2.5,0.0,1.0,0.0,0.0,1.0,0.0,0.0,0.0,,0.0,0.0,0.0,,0.0,0.0,0.0,0.0,0.0,0.0,0.0,0.5,0.0
31982,2025,4389,Dario Šarić,,C,30.0,8,NBA,DEN,10,3.0,13.6,1.2,4.0,0.3,0.5,1.9,0.263,0.7,2.1,0.333,0.363,0.5,0.6,0.833,0.9,2.6,3.5,1.1,0.6,0.0,1.1,1.4,3.4
31983,2025,5133,Dariq Whitehead,,SF,20.0,2,NBA,BRK,4,0.0,7.0,1.5,2.8,0.545,1.5,2.5,0.6,0.0,0.3,0.0,0.818,0.0,0.0,,0.0,0.8,0.8,0.3,0.8,0.3,0.8,0.3,4.5
31984,2025,4708,Darius Garland,,PG,25.0,6,NBA,CLE,32,32.0,30.0,7.4,15.0,0.493,2.9,6.9,0.427,4.4,8.1,0.548,0.591,2.8,3.1,0.909,0.5,2.1,2.6,6.7,1.2,0.3,2.4,2.2,20.5
31985,2025,4924,David Duke Jr.,,SG,25.0,4,NBA,SAS,1,0.0,8.0,1.0,4.0,0.25,0.0,1.0,0.0,1.0,3.0,0.333,0.25,1.0,2.0,0.5,0.0,0.0,0.0,2.0,0.0,0.0,0.0,1.0,3.0
31986,2025,5041,David Roddy,,PF,23.0,3,NBA,ATL,17,1.0,13.2,1.7,3.1,0.547,0.6,1.6,0.393,1.1,1.5,0.72,0.651,0.6,0.8,0.846,0.3,2.2,2.5,1.1,0.4,0.2,0.9,0.6,4.7
31987,2025,4926,Davion Mitchell,,PG,26.0,4,NBA,TOR,30,14.0,26.3,2.5,6.1,0.408,1.0,3.0,0.322,1.5,3.1,0.489,0.486,0.7,1.1,0.667,0.5,1.6,2.1,4.9,0.8,0.2,2.0,2.7,6.7
31988,2025,4927,Day'Ron Sharpe,,C,23.0,4,NBA,BRK,11,0.0,15.1,2.5,6.0,0.409,0.2,1.2,0.154,2.3,4.8,0.472,0.424,1.4,1.5,0.882,2.5,2.9,5.4,0.8,0.9,0.5,1.0,1.6,6.5
31989,2025,4489,De'Aaron Fox,,PG,27.0,8,NBA,SAC,33,33.0,37.2,9.8,20.3,0.484,2.1,6.3,0.325,7.8,14.0,0.556,0.535,4.8,5.9,0.801,1.1,3.9,5.1,6.3,1.6,0.3,3.4,2.8,26.5
31990,2025,4709,De'Andre Hunter,,SF,27.0,6,NBA,ATL,22,2.0,28.0,6.7,13.4,0.5,2.8,6.1,0.452,3.9,7.2,0.541,0.604,4.5,5.1,0.876,0.6,3.5,4.1,1.3,0.8,0.1,1.3,2.4,20.6
31991,2025,4601,De'Anthony Melton,,SG,26.0,7,NBA,GSW,6,2.0,20.2,3.7,9.0,0.407,2.2,5.8,0.371,1.5,3.2,0.474,0.528,0.8,1.3,0.625,1.0,2.3,3.3,2.8,1.2,0.3,1.7,3.0,10.3
31992,2025,3810,DeAndre Jordan,,C,36.0,17,NBA,DEN,19,0.0,10.5,1.4,2.2,0.634,0.0,0.0,,1.4,2.2,0.634,0.634,0.2,0.7,0.308,0.9,2.9,3.8,0.8,0.3,0.5,0.7,1.2,2.9
31993,2025,3872,DeMar DeRozan,,SF,35.0,16,NBA,SAC,28,28.0,35.2,7.7,15.7,0.489,0.6,2.1,0.305,7.0,13.6,0.517,0.509,4.6,5.4,0.855,0.6,3.3,3.9,3.9,1.4,0.4,1.5,2.1,20.6
31994,2025,4710,Dean Wade,,PF,28.0,6,NBA,CLE,24,15.0,22.5,2.0,5.0,0.4,1.5,4.3,0.353,0.5,0.8,0.667,0.55,0.5,1.0,0.5,1.0,4.3,5.3,1.5,1.0,0.5,0.3,1.5,6.0
31995,2025,4603,Deandre Ayton,,C,26.0,7,NBA,POR,23,23.0,30.5,6.8,12.0,0.567,0.3,1.1,0.24,6.6,11.0,0.599,0.578,0.8,1.2,0.643,3.0,7.2,10.2,1.4,0.9,1.0,1.8,2.4,14.7
31996,2025,4392,Dejounte Murray,,PG,28.0,8,NBA,NOP,16,16.0,34.0,5.9,16.3,0.365,1.4,5.3,0.271,4.5,10.9,0.411,0.41,2.7,3.3,0.827,0.4,6.3,6.8,7.5,2.6,0.5,4.1,2.4,16.0
31997,2025,4320,Delon Wright,,PG,32.0,10,NBA,MIL,22,2.0,16.6,1.0,3.2,0.3,0.5,1.9,0.262,0.5,1.3,0.357,0.379,0.4,0.6,0.571,0.7,1.2,1.9,1.9,0.9,0.3,0.6,0.7,2.8
31998,2025,4823,Deni Avdija,,SF,24.0,5,NBA,POR,32,14.0,26.8,4.3,9.7,0.45,1.4,4.0,0.359,2.9,5.7,0.514,0.524,3.3,4.2,0.789,1.3,4.5,5.8,3.2,0.9,0.7,2.3,2.2,13.4
31999,2025,4157,Dennis Schröder,,PG,31.0,12,NBA,TOT,30,30.0,32.3,5.6,13.3,0.424,2.2,6.1,0.353,3.5,7.2,0.484,0.505,2.8,3.2,0.876,0.2,2.5,2.7,6.0,1.0,0.2,2.5,2.5,16.3
32000,2025,4157,Dennis Schröder,,PG,31.0,12,NBA,BRK,23,23.0,33.6,6.4,14.1,0.452,2.5,6.5,0.387,3.9,7.6,0.509,0.542,3.1,3.5,0.889,0.2,2.8,3.0,6.6,1.1,0.2,2.6,2.4,18.4
32001,2025,4157,Dennis Schröder,,PG,31.0,12,NBA,GSW,7,7.0,28.0,3.1,10.6,0.297,1.0,4.9,0.206,2.1,5.7,0.375,0.345,1.9,2.3,0.813,0.3,1.7,2.0,3.9,0.4,0.1,2.4,2.6,9.1
32002,2025,5134,Dereck Lively II,,C,20.0,2,NBA,DAL,25,18.0,24.1,3.6,5.2,0.698,0.0,0.0,,3.6,5.2,0.698,0.698,1.5,2.4,0.617,3.1,4.7,7.8,2.5,0.6,1.6,1.3,2.9,8.7
32003,2025,4395,Derrick Jones Jr.,,SF,27.0,9,NBA,LAC,31,31.0,24.7,3.9,7.8,0.498,1.1,2.9,0.374,2.8,4.9,0.572,0.568,1.0,1.2,0.861,1.2,2.1,3.3,0.9,1.3,0.4,1.0,2.0,9.9
32004,2025,4492,Derrick White,,SG,30.0,8,NBA,BOS,32,32.0,34.2,5.8,12.8,0.452,3.5,8.9,0.392,2.3,3.8,0.593,0.589,1.8,2.1,0.838,1.0,3.7,4.6,4.6,1.0,1.2,1.7,2.2,16.8
32005,2025,4824,Desmond Bane,,SG,26.0,5,NBA,MEM,26,25.0,28.5,6.0,12.9,0.467,2.1,5.8,0.362,3.9,7.1,0.554,0.549,2.1,2.5,0.831,0.8,5.1,5.9,4.9,1.1,0.5,2.3,2.7,16.3
32006,2025,4321,Devin Booker,,SG,28.0,10,NBA,PHO,27,27.0,36.3,7.8,18.2,0.429,2.6,7.7,0.341,5.2,10.5,0.493,0.501,6.5,7.2,0.902,1.1,2.5,3.7,6.5,1.1,0.3,2.3,2.1,24.7
32007,2025,4826,Devin Vassell,,SG,24.0,5,NBA,SAS,18,7.0,27.6,5.7,12.8,0.448,2.1,5.7,0.369,3.6,7.1,0.512,0.53,1.8,2.2,0.821,0.7,2.3,3.1,2.8,1.1,0.4,1.4,1.9,15.3
32008,2025,4494,Dillon Brooks,,SF,29.0,8,NBA,HOU,29,29.0,31.9,5.0,11.8,0.428,2.3,6.1,0.386,2.7,5.7,0.473,0.528,1.5,1.8,0.863,1.3,2.7,4.0,1.6,0.7,0.3,1.1,3.3,13.9
32009,2025,5229,Dillon Jones,,SF,23.0,1,NBA,OKC,25,0.0,8.2,0.8,2.4,0.328,0.3,1.4,0.194,0.5,1.0,0.52,0.385,0.2,0.4,0.6,0.6,1.2,1.8,0.7,0.2,0.1,0.3,0.9,2.1
32010,2025,4398,Domantas Sabonis,,C,28.0,9,NBA,SAC,30,30.0,35.5,8.2,13.7,0.595,1.0,2.4,0.423,7.2,11.4,0.63,0.631,3.4,4.4,0.786,3.7,9.9,13.6,6.1,0.8,0.4,2.8,3.5,20.8
32011,2025,5043,Dominick Barlow,,SF,21.0,3,NBA,ATL,4,0.0,4.8,0.3,0.8,0.333,0.3,0.3,1.0,0.0,0.5,0.0,0.5,0.3,0.5,0.5,0.0,0.3,0.3,0.0,0.3,0.0,0.0,0.5,1.0
32012,2025,5230,Donovan Clingan,,C,20.0,1,NBA,POR,25,7.0,15.9,2.3,4.4,0.527,0.2,0.6,0.313,2.1,3.8,0.564,0.55,0.8,1.0,0.731,2.8,3.4,6.1,0.6,0.5,1.6,1.2,2.8,5.6
32013,2025,4495,Donovan Mitchell,,SG,28.0,8,NBA,CLE,32,32.0,31.5,8.3,18.3,0.456,3.9,9.4,0.415,4.4,8.9,0.498,0.562,3.1,3.8,0.81,0.5,4.0,4.6,4.6,1.5,0.3,2.1,2.0,23.7
32014,2025,4607,Donte DiVincenzo,,SG,28.0,7,NBA,MIN,32,2.0,25.4,3.4,8.8,0.386,2.3,6.6,0.354,1.0,2.1,0.485,0.52,0.8,1.0,0.818,0.4,3.0,3.4,3.4,1.2,0.2,1.6,1.5,9.9
32015,2025,4399,Dorian Finney-Smith,,PF,31.0,9,NBA,TOT,21,20.0,28.5,3.5,7.8,0.454,2.2,5.2,0.427,1.3,2.5,0.509,0.598,0.7,1.1,0.625,1.6,2.9,4.4,1.6,0.9,0.6,0.9,2.7,10.0
32016,2025,4399,Dorian Finney-Smith,,PF,31.0,9,NBA,BRK,20,20.0,29.0,3.7,8.0,0.459,2.4,5.4,0.435,1.3,2.6,0.51,0.607,0.8,1.2,0.625,1.6,3.0,4.6,1.6,0.9,0.6,0.9,2.7,10.4
32017,2025,4399,Dorian Finney-Smith,,PF,31.0,9,NBA,LAL,1,0.0,20.0,1.0,4.0,0.25,0.0,2.0,0.0,1.0,2.0,0.5,0.25,0.0,0.0,,2.0,0.0,2.0,2.0,0.0,0.0,0.0,2.0,2.0
32018,2025,4237,Doug McDermott,,SF,33.0,11,NBA,SAC,22,3.0,9.1,1.3,3.1,0.42,1.1,2.7,0.407,0.2,0.5,0.5,0.594,0.1,0.2,0.6,0.1,0.6,0.7,0.1,0.1,0.0,0.1,0.9,3.9
32019,2025,4085,Draymond Green,,PF,34.0,13,NBA,GSW,28,26.0,28.5,2.9,7.0,0.411,1.4,3.8,0.377,1.5,3.3,0.451,0.513,1.3,2.1,0.6,1.1,5.2,6.3,5.6,1.1,1.1,2.5,3.2,8.5
32020,2025,4609,Drew Eubanks,,C,27.0,7,NBA,UTA,24,0.0,13.3,2.0,3.2,0.618,0.1,0.2,0.5,1.9,3.0,0.625,0.632,0.8,1.3,0.613,1.1,2.8,3.8,1.1,0.2,0.6,0.8,1.3,4.8
32021,2025,5137,Drew Peterson,,PF,25.0,2,NBA,BOS,10,0.0,10.4,0.9,2.0,0.45,0.6,1.6,0.375,0.3,0.4,0.75,0.6,0.6,0.7,0.857,0.5,1.7,2.2,0.7,0.2,0.2,0.5,1.0,3.0
32022,2025,5045,Dru Smith,,SG,27.0,3,NBA,MIA,14,1.0,19.1,2.2,4.4,0.508,1.1,2.1,0.533,1.1,2.2,0.484,0.639,0.7,0.9,0.769,0.9,1.7,2.6,1.6,1.5,0.4,1.2,2.1,6.3
32023,2025,4610,Duncan Robinson,,SF,30.0,7,NBA,MIA,28,17.0,23.5,4.0,9.5,0.416,2.5,6.7,0.378,1.4,2.8,0.506,0.549,0.7,0.8,0.864,0.4,2.0,2.4,2.5,0.5,0.1,0.9,2.2,11.1
32024,2025,5138,Duop Reath,,C,28.0,2,NBA,POR,15,0.0,6.1,0.9,2.1,0.406,0.6,1.6,0.375,0.3,0.5,0.5,0.547,0.3,0.4,0.667,0.4,0.5,0.9,0.3,0.0,0.1,0.1,0.7,2.6
32025,2025,4239,Dwight Powell,,C,33.0,11,NBA,DAL,26,0.0,8.0,0.5,0.6,0.8,0.0,0.0,1.0,0.4,0.5,0.786,0.833,0.7,1.0,0.654,0.6,1.2,1.8,0.8,0.4,0.5,0.2,1.2,1.6
32026,2025,5046,Dyson Daniels,,SG,21.0,3,NBA,ATL,29,29.0,33.6,5.4,11.9,0.457,1.2,3.8,0.327,4.2,8.1,0.517,0.509,0.9,1.5,0.605,1.6,3.5,5.1,3.5,3.1,0.9,1.9,2.5,13.0
32027,2025,5139,E.J. Liddell,,PF,24.0,2,NBA,CHI,6,0.0,5.2,0.8,1.3,0.625,0.5,1.0,0.5,0.3,0.3,1.0,0.813,0.3,0.3,1.0,0.2,0.7,0.8,0.5,0.2,0.2,0.3,1.3,2.5
32028,2025,4240,Elfrid Payton,,PG,30.0,9,NBA,NOP,7,3.0,20.6,3.3,6.6,0.5,0.0,0.1,0.0,3.3,6.4,0.511,0.5,0.1,0.3,0.5,0.7,2.7,3.4,6.9,1.4,0.4,2.9,1.4,6.7
32029,2025,5231,Enrique Freeman,,PF,24.0,1,NBA,IND,17,1.0,7.0,0.6,1.3,0.455,0.1,0.4,0.167,0.5,0.9,0.563,0.477,0.3,0.5,0.556,0.2,0.6,0.8,0.4,0.1,0.1,0.2,0.9,1.5
32030,2025,3815,Eric Gordon,,SG,36.0,17,NBA,PHI,19,1.0,16.6,1.7,4.7,0.36,0.7,2.7,0.275,0.9,2.0,0.474,0.438,0.9,1.2,0.773,0.2,0.8,0.9,1.3,0.7,0.3,0.7,0.7,5.0
32031,2025,4931,Evan Mobley,,PF,23.0,4,NBA,CLE,31,31.0,30.2,7.1,12.5,0.57,1.1,2.5,0.43,6.0,9.9,0.606,0.614,3.1,4.0,0.782,2.1,6.6,8.7,2.9,1.0,1.5,2.2,2.2,18.4
32032,2025,4933,Franz Wagner,,SF,23.0,4,NBA,ORL,25,25.0,33.2,8.8,18.9,0.465,2.0,6.4,0.321,6.8,12.6,0.538,0.519,4.8,5.4,0.881,0.9,4.7,5.6,5.7,1.7,0.5,2.4,2.3,24.4
32033,2025,4402,Fred VanVleet,,PG,30.0,9,NBA,HOU,30,30.0,35.1,5.4,14.2,0.379,2.6,8.0,0.325,2.8,6.2,0.449,0.471,2.0,2.5,0.797,0.8,3.7,4.6,6.0,1.4,0.5,1.5,2.4,15.4
32034,2025,4717,Gabe Vincent,,PG,28.0,6,NBA,LAL,31,5.0,18.9,1.6,4.3,0.373,0.9,2.8,0.33,0.7,1.5,0.457,0.481,0.1,0.3,0.5,0.3,1.0,1.3,0.9,0.8,0.2,0.6,1.9,4.3
32035,2025,3877,Garrett Temple,,SG,38.0,15,NBA,TOR,11,0.0,4.3,0.2,0.9,0.2,0.1,0.5,0.2,0.1,0.5,0.2,0.25,0.0,0.0,,0.1,0.7,0.8,0.6,0.4,0.1,0.4,0.5,0.5
32036,2025,4718,Garrison Mathews,,SG,28.0,6,NBA,ATL,24,1.0,18.5,2.5,5.6,0.448,2.2,4.8,0.461,0.3,0.8,0.368,0.646,1.7,2.0,0.837,0.2,1.1,1.3,1.5,0.7,0.3,0.6,1.8,8.9
32037,2025,4245,Gary Harris,,SG,30.0,11,NBA,ORL,19,2.0,16.4,1.4,3.5,0.403,1.0,2.7,0.365,0.4,0.8,0.533,0.545,0.2,0.4,0.5,0.5,0.7,1.2,0.5,0.5,0.3,0.4,0.7,4.1
32038,2025,4403,Gary Payton II,,SG,32.0,9,NBA,GSW,28,4.0,13.1,2.1,3.8,0.547,0.2,1.1,0.156,1.9,2.6,0.716,0.571,0.3,0.5,0.6,1.2,1.6,2.8,1.2,0.7,0.4,0.5,1.4,4.6
32039,2025,4617,Gary Trent Jr.,,SG,26.0,7,NBA,MIL,29,7.0,25.0,3.3,7.9,0.424,2.1,5.0,0.411,1.3,2.9,0.446,0.555,0.8,0.9,0.885,0.2,2.0,2.2,0.9,1.0,0.0,0.7,2.0,9.6
32040,2025,4404,Georges Niang,,PF,31.0,9,NBA,CLE,33,1.0,20.6,3.2,6.8,0.471,1.7,4.4,0.379,1.5,2.4,0.638,0.593,0.4,0.5,0.75,0.7,3.2,4.0,1.5,0.4,0.2,0.9,2.3,8.5
32041,2025,4164,Giannis Antetokounmpo,,PF,30.0,12,NBA,MIL,25,25.0,35.0,12.7,20.8,0.61,0.2,0.7,0.222,12.6,20.1,0.624,0.614,7.0,11.4,0.614,2.0,9.6,11.6,6.0,0.8,1.4,3.4,2.4,32.6
32042,2025,4719,Goga Bitadze,,C,25.0,6,NBA,ORL,29,26.0,24.8,4.2,6.4,0.656,0.0,0.5,0.071,4.2,5.9,0.703,0.659,1.5,2.0,0.741,3.0,5.4,8.5,2.1,0.9,1.7,1.5,2.5,9.9
32043,2025,5143,Gradey Dick,,SG,21.0,2,NBA,TOR,27,27.0,31.7,6.0,14.3,0.416,2.4,6.9,0.348,3.6,7.4,0.48,0.5,3.3,3.7,0.889,0.9,2.7,3.5,2.1,1.0,0.2,1.8,2.4,17.6
32044,2025,4720,Grant Williams,,PF,26.0,6,NBA,CHO,16,7.0,29.9,3.4,7.7,0.439,1.7,4.6,0.365,1.7,3.1,0.551,0.549,1.9,2.3,0.838,1.1,4.0,5.1,2.3,1.1,0.8,1.8,2.9,10.4
32045,2025,4619,Grayson Allen,,SG,29.0,7,NBA,PHO,23,1.0,23.9,3.2,8.0,0.404,2.2,5.8,0.376,1.0,2.2,0.48,0.541,1.8,2.2,0.84,0.7,2.5,3.2,1.8,0.9,0.3,1.0,1.5,10.4
32046,2025,4503,Guerschon Yabusele,,PF,29.0,3,NBA,PHI,30,10.0,23.7,3.6,7.1,0.502,1.5,3.7,0.393,2.1,3.4,0.624,0.606,1.2,1.8,0.655,1.7,3.5,5.2,1.8,0.8,0.4,1.3,2.5,9.8
32047,2025,5144,Gui Santos,,PF,22.0,2,NBA,GSW,9,0.0,4.4,0.2,0.8,0.286,0.1,0.6,0.2,0.1,0.2,0.5,0.357,0.1,0.2,0.5,0.2,0.8,1.0,0.3,0.0,0.1,0.3,0.7,0.7
32048,2025,4089,Harrison Barnes,,PF,32.0,13,NBA,SAS,33,33.0,27.6,3.5,7.4,0.481,1.5,3.4,0.425,2.1,3.9,0.531,0.58,2.2,2.7,0.798,1.5,2.3,3.8,1.5,0.3,0.2,0.7,0.8,10.7
32049,2025,5232,Harrison Ingram,,SF,22.0,1,NBA,SAS,1,0.0,7.0,0.0,1.0,0.0,0.0,0.0,,0.0,1.0,0.0,0.0,0.0,0.0,,0.0,1.0,1.0,0.0,0.0,0.0,0.0,1.0,0.0
32050,2025,4622,Haywood Highsmith,,SF,28.0,5,NBA,MIA,28,21.0,24.9,2.6,5.4,0.493,1.4,3.1,0.443,1.3,2.2,0.565,0.623,0.5,0.7,0.684,0.9,2.4,3.3,1.0,1.0,0.6,0.9,2.1,7.1
32051,2025,4939,Herbert Jones,,SF,26.0,4,NBA,NOP,15,15.0,32.5,4.1,9.4,0.433,1.1,3.9,0.293,2.9,5.5,0.53,0.493,1.8,2.3,0.794,1.5,2.7,4.2,3.2,2.0,0.5,1.9,3.3,11.1
32052,2025,5146,Hunter Tyson,,PF,24.0,2,NBA,DEN,21,0.0,9.5,0.9,2.1,0.432,0.4,1.2,0.32,0.5,0.9,0.579,0.523,0.6,0.7,0.867,0.4,1.4,1.9,0.5,0.2,0.1,0.4,1.1,2.8
32053,2025,4837,Immanuel Quickley,,PG,25.0,5,NBA,TOR,3,3.0,22.7,5.3,14.0,0.381,2.0,5.3,0.375,3.3,8.7,0.385,0.452,2.7,3.0,0.889,0.3,1.7,2.0,4.0,0.7,0.0,1.3,2.3,15.3
32054,2025,5233,Isaac Jones,,PF,24.0,1,NBA,SAC,21,0.0,8.2,1.5,2.3,0.667,0.0,0.2,0.25,1.5,2.1,0.705,0.677,0.5,1.0,0.55,0.5,1.0,1.5,0.2,0.1,0.4,0.5,1.0,3.6
32055,2025,4838,Isaac Okoro,,SG,24.0,5,NBA,CLE,23,16.0,21.0,2.3,4.7,0.495,1.3,2.7,0.492,1.0,2.0,0.5,0.636,0.7,0.9,0.714,0.9,1.3,2.3,1.7,0.7,0.4,0.4,2.0,6.6
32056,2025,5234,Isaiah Collier,,PG,20.0,1,NBA,UTA,23,2.0,17.5,1.3,4.0,0.323,0.3,1.6,0.167,1.0,2.5,0.421,0.355,0.4,0.9,0.45,0.2,2.0,2.2,3.4,0.7,0.2,2.4,1.7,3.3
32057,2025,5235,Isaiah Crawford,,SF,23.0,1,NBA,SAC,2,0.0,3.5,0.0,0.0,,0.0,0.0,,0.0,0.0,,,0.0,0.0,,0.0,0.5,0.5,0.0,0.0,0.0,0.0,0.5,0.0
32058,2025,4626,Isaiah Hartenstein,,C,26.0,7,NBA,OKC,17,16.0,30.1,5.4,9.3,0.576,0.0,0.4,0.0,5.4,8.9,0.603,0.576,2.0,2.9,0.68,2.9,9.5,12.4,3.8,0.8,1.2,1.8,3.0,12.7
32059,2025,4940,Isaiah Jackson,,C,23.0,4,NBA,IND,5,1.0,16.8,2.8,4.6,0.609,0.0,0.0,,2.8,4.6,0.609,0.609,1.4,2.8,0.5,2.2,3.4,5.6,1.0,0.6,1.6,1.0,2.8,7.0
32060,2025,4839,Isaiah Joe,,SG,25.0,5,NBA,OKC,30,10.0,20.4,2.9,7.4,0.39,2.0,5.8,0.349,0.9,1.6,0.542,0.527,0.4,0.6,0.706,0.5,2.1,2.6,1.4,0.7,0.2,0.5,1.5,8.2
32061,2025,4840,Isaiah Stewart,,C,23.0,5,NBA,DET,28,3.0,21.3,2.3,4.3,0.546,0.2,0.8,0.261,2.1,3.4,0.615,0.571,1.0,1.2,0.879,2.1,3.8,5.9,1.8,0.5,1.2,1.0,2.8,5.9
32062,2025,5148,Isaiah Wong,,SG,24.0,2,NBA,CHO,10,0.0,14.3,2.0,5.6,0.357,0.4,1.7,0.235,1.6,3.9,0.41,0.393,1.7,2.6,0.654,1.2,1.0,2.2,1.8,0.6,0.0,1.0,1.1,6.1
32063,2025,4409,Ivica Zubac,,C,27.0,9,NBA,LAC,33,33.0,32.4,6.8,11.1,0.61,0.0,0.0,,6.8,11.1,0.61,0.61,1.5,2.9,0.516,4.0,8.5,12.5,2.5,0.7,1.1,1.8,2.0,15.1
32064,2025,5048,JD Davison,,PG,22.0,3,NBA,BOS,5,0.0,4.8,0.4,1.0,0.4,0.2,0.6,0.333,0.2,0.4,0.5,0.5,0.2,0.4,0.5,0.0,0.4,0.4,0.2,0.2,0.0,1.2,0.2,1.2
32065,2025,4944,JT Thor,,PF,22.0,4,NBA,CLE,5,0.0,5.0,1.6,2.0,0.8,0.6,0.8,0.75,1.0,1.2,0.833,0.95,1.2,1.2,1.0,0.2,0.6,0.8,0.0,0.4,0.6,0.4,0.8,5.0
32066,2025,4723,Ja Morant,,PG,25.0,6,NBA,MEM,20,20.0,27.7,7.1,15.7,0.454,1.6,4.8,0.323,5.6,10.9,0.512,0.503,5.5,6.5,0.838,0.7,3.8,4.4,7.9,1.1,0.4,3.8,1.6,21.2
32067,2025,5236,Ja'Kobe Walter,,SG,20.0,1,NBA,TOR,18,7.0,20.3,3.1,8.0,0.382,1.0,3.7,0.269,2.1,4.3,0.481,0.444,1.2,1.7,0.71,0.9,1.8,2.8,1.6,0.6,0.3,1.0,2.2,8.3
32068,2025,5049,Jabari Smith Jr.,,PF,21.0,3,NBA,HOU,32,32.0,31.2,4.1,9.5,0.43,1.7,4.9,0.353,2.4,4.7,0.51,0.52,2.0,2.3,0.877,1.8,4.8,6.7,1.0,0.3,1.0,0.9,2.3,11.9
32069,2025,5050,Jabari Walker,,SF,22.0,3,NBA,POR,24,1.0,10.3,1.4,3.2,0.447,0.2,0.9,0.182,1.3,2.3,0.556,0.474,0.5,0.8,0.722,0.9,2.1,3.0,0.5,0.3,0.1,0.5,1.1,3.5
32070,2025,5237,Jack McVeigh,,PF,28.0,1,NBA,HOU,6,0.0,3.5,0.5,1.8,0.273,0.3,1.3,0.25,0.2,0.5,0.333,0.364,0.0,0.0,,0.2,0.5,0.7,0.2,0.0,0.2,0.2,0.2,1.3
32071,2025,5150,Jacob Toppin,,SF,24.0,2,NBA,NYK,9,0.0,2.7,0.1,0.3,0.333,0.0,0.2,0.0,0.1,0.1,1.0,0.333,0.0,0.0,,0.0,0.4,0.4,0.4,0.0,0.0,0.1,0.1,0.2
32072,2025,5053,Jaden Hardy,,SG,22.0,3,NBA,DAL,25,3.0,14.4,2.4,5.9,0.399,0.9,2.8,0.333,1.4,3.2,0.456,0.476,0.9,1.0,0.846,0.2,1.3,1.5,1.1,0.6,0.1,1.3,1.4,6.5
32073,2025,5054,Jaden Ivey,,SG,22.0,3,NBA,DET,29,29.0,30.0,6.3,13.9,0.453,2.0,5.1,0.392,4.3,8.8,0.488,0.525,2.9,3.9,0.737,1.4,2.9,4.2,4.0,0.9,0.4,2.9,2.3,17.4
32074,2025,4841,Jaden McDaniels,,PF,24.0,5,NBA,MIN,32,32.0,29.7,3.9,9.0,0.432,1.1,3.7,0.303,2.8,5.3,0.524,0.495,0.7,1.0,0.697,1.4,3.2,4.6,1.6,1.3,0.8,1.1,3.0,9.6
32075,2025,4946,Jaden Springer,,SG,22.0,4,NBA,BOS,13,0.0,4.5,0.3,1.1,0.286,0.0,0.3,0.0,0.3,0.8,0.4,0.286,0.8,1.0,0.769,0.3,0.8,1.1,0.4,0.2,0.0,0.2,0.5,1.4
32076,2025,4091,Jae Crowder,,SF,34.0,13,NBA,SAC,6,2.0,14.8,1.0,2.8,0.353,0.5,2.0,0.25,0.5,0.8,0.6,0.441,0.8,1.0,0.833,1.0,1.8,2.8,0.7,0.5,0.0,0.7,1.7,3.3
32077,2025,4842,Jae'Sean Tate,,SF,29.0,5,NBA,HOU,15,0.0,8.3,1.3,2.5,0.541,0.1,0.5,0.143,1.3,2.0,0.633,0.554,0.8,1.1,0.706,0.5,1.7,2.2,0.7,0.6,0.0,0.5,1.5,3.5
32078,2025,5151,Jaime Jaquez Jr.,,SF,23.0,2,NBA,MIA,26,4.0,21.6,3.2,7.6,0.416,0.5,2.1,0.255,2.6,5.5,0.479,0.452,1.8,2.3,0.754,1.3,3.4,4.7,2.1,1.1,0.1,1.5,1.6,8.6
32079,2025,5055,Jake LaRavia,,PF,23.0,3,NBA,MEM,33,0.0,22.1,2.9,5.9,0.49,1.0,2.2,0.444,1.9,3.7,0.516,0.572,1.5,2.1,0.706,1.5,3.0,4.5,3.2,0.9,0.5,1.7,2.2,8.2
32080,2025,4411,Jakob Poeltl,,C,29.0,9,NBA,TOR,28,27.0,31.8,6.4,10.9,0.592,0.0,0.1,0.0,6.4,10.8,0.596,0.592,2.3,3.4,0.681,3.9,7.0,10.9,2.7,1.2,1.3,2.2,3.5,15.1
32081,2025,5238,Jalen Bridges,,SF,23.0,1,NBA,PHO,4,0.0,4.3,0.0,0.8,0.0,0.0,0.8,0.0,0.0,0.0,,0.0,0.3,0.5,0.5,0.0,0.8,0.8,0.0,0.0,0.0,0.5,0.0,0.3
32082,2025,4629,Jalen Brunson,,PG,28.0,7,NBA,NYK,33,33.0,34.9,8.6,17.8,0.483,2.5,6.2,0.403,6.1,11.5,0.526,0.554,5.6,6.8,0.825,0.4,2.5,3.0,7.7,0.8,0.1,2.4,2.2,25.2
32083,2025,5056,Jalen Duren,,C,21.0,3,NBA,DET,29,29.0,24.8,3.8,5.4,0.69,0.0,0.0,,3.8,5.4,0.69,0.69,1.8,2.9,0.607,3.0,6.1,9.1,2.3,0.5,1.1,2.0,3.2,9.3
32084,2025,4948,Jalen Green,,SG,22.0,4,NBA,HOU,32,32.0,32.5,6.7,16.4,0.407,2.5,7.7,0.32,4.2,8.7,0.484,0.482,3.5,4.0,0.86,0.5,3.9,4.4,2.6,1.0,0.3,2.5,1.6,19.3
32085,2025,5153,Jalen Hood-Schifino,,SG,21.0,2,NBA,LAL,2,0.0,7.0,0.5,0.5,1.0,0.0,0.0,,0.5,0.5,1.0,1.0,1.0,1.0,1.0,0.5,0.0,0.5,0.5,0.0,0.5,0.5,1.5,2.0
32086,2025,4949,Jalen Johnson,,SF,23.0,4,NBA,ATL,31,31.0,36.5,7.9,15.5,0.509,1.4,4.2,0.331,6.5,11.3,0.575,0.554,2.7,3.6,0.748,1.8,8.4,10.2,5.4,1.5,1.1,3.0,2.0,19.9
32087,2025,5154,Jalen Pickett,,SG,25.0,2,NBA,DEN,7,0.0,9.4,1.0,2.3,0.438,0.7,1.7,0.417,0.3,0.6,0.5,0.594,0.0,0.0,,0.1,1.0,1.1,2.4,0.1,0.1,0.6,0.9,2.7
32088,2025,4845,Jalen Smith,,C,24.0,5,NBA,CHI,29,1.0,15.4,2.9,6.1,0.472,1.1,3.2,0.34,1.8,2.8,0.622,0.563,1.2,1.5,0.791,1.4,4.1,5.5,0.8,0.3,0.7,0.6,1.6,8.0
32089,2025,4950,Jalen Suggs,,PG,23.0,4,NBA,ORL,32,32.0,29.4,5.7,13.9,0.41,2.2,7.0,0.309,3.6,7.0,0.511,0.488,2.9,3.2,0.913,0.7,3.5,4.2,3.8,1.4,1.0,3.0,2.8,16.5
32090,2025,5057,Jalen Williams,,SG,23.0,3,NBA,OKC,32,32.0,32.3,8.3,17.3,0.479,1.8,5.2,0.355,6.4,12.1,0.532,0.533,2.6,3.3,0.79,0.9,5.0,5.9,5.2,1.8,0.7,2.3,2.6,21.0
32091,2025,5156,Jalen Wilson,,PF,24.0,2,NBA,BRK,31,7.0,26.3,3.0,7.6,0.397,1.5,4.3,0.338,1.6,3.4,0.471,0.492,1.6,1.9,0.847,0.9,2.4,3.4,1.9,0.5,0.0,1.0,2.3,9.1
32092,2025,5058,Jamal Cain,,SF,25.0,3,NBA,NOP,16,0.0,14.1,1.6,3.4,0.455,0.6,1.8,0.321,1.0,1.7,0.593,0.536,0.6,1.0,0.625,0.9,1.9,2.8,0.6,0.5,0.4,0.4,1.3,4.3
32093,2025,4412,Jamal Murray,,PG,27.0,8,NBA,DEN,25,25.0,36.7,7.1,16.2,0.44,2.2,5.9,0.365,5.0,10.3,0.482,0.506,3.4,4.0,0.842,0.5,3.7,4.2,6.4,1.5,0.7,2.3,1.8,19.8
32094,2025,5239,Jamal Shead,,PG,22.0,1,NBA,TOR,29,0.0,15.8,2.0,4.9,0.406,0.7,2.1,0.328,1.3,2.8,0.463,0.476,0.3,0.4,0.75,0.2,1.0,1.2,3.3,0.6,0.1,1.4,1.8,5.0
32095,2025,3880,James Harden,,PG,35.0,16,NBA,LAC,32,32.0,33.9,6.3,15.9,0.393,2.8,8.2,0.347,3.4,7.7,0.441,0.482,6.6,7.4,0.89,0.6,5.5,6.1,7.8,1.5,0.6,4.8,2.0,21.9
32096,2025,3881,James Johnson,,PF,37.0,16,NBA,IND,5,0.0,4.4,0.8,1.4,0.571,0.0,0.2,0.0,0.8,1.2,0.667,0.571,0.0,0.2,0.0,0.0,0.8,0.8,0.6,0.0,0.4,0.8,0.6,1.6
32097,2025,4846,James Wiseman,,C,23.0,4,NBA,IND,1,0.0,5.0,2.0,4.0,0.5,0.0,1.0,0.0,2.0,3.0,0.667,0.5,2.0,2.0,1.0,0.0,1.0,1.0,0.0,0.0,0.0,0.0,0.0,6.0
32098,2025,5240,Jamison Battle,,SF,23.0,1,NBA,TOR,30,0.0,14.0,2.2,4.6,0.471,1.5,3.4,0.431,0.7,1.2,0.583,0.63,0.4,0.5,0.857,0.6,1.3,2.0,1.0,0.1,0.1,0.4,1.2,6.2
32099,2025,5157,Jarace Walker,,PF,21.0,2,NBA,IND,34,1.0,17.8,2.2,5.0,0.45,1.0,2.7,0.38,1.2,2.3,0.532,0.553,0.8,1.3,0.651,0.4,3.0,3.4,1.5,1.1,0.3,1.3,1.6,6.3
32100,2025,4953,Jared Butler,,SG,24.0,4,NBA,WAS,21,0.0,10.7,2.2,4.9,0.456,0.3,1.2,0.28,1.9,3.7,0.513,0.49,0.8,1.1,0.739,0.3,0.7,1.0,2.4,0.3,0.1,0.9,1.1,5.6
32101,2025,5241,Jared McCain,,SG,20.0,1,NBA,PHI,23,8.0,25.7,5.5,11.9,0.46,2.2,5.8,0.383,3.3,6.1,0.532,0.553,2.1,2.4,0.875,0.6,1.9,2.4,2.6,0.7,0.0,1.6,1.6,15.3
32102,2025,5060,Jared Rhoden,,SG,25.0,3,NBA,CHO,4,0.0,3.0,0.5,2.0,0.25,0.0,0.5,0.0,0.5,1.5,0.333,0.25,0.0,0.0,,0.5,0.5,1.0,0.5,0.3,0.0,0.3,0.3,1.0
32103,2025,4631,Jaren Jackson Jr.,,C,25.0,7,NBA,MEM,32,32.0,28.5,7.9,16.0,0.492,1.8,5.2,0.353,6.0,10.8,0.559,0.55,4.5,5.7,0.797,1.4,4.7,6.1,1.8,1.5,1.7,2.2,3.2,22.1
32104,2025,4515,Jarrett Allen,,C,26.0,8,NBA,CLE,33,33.0,29.2,5.6,8.1,0.695,0.0,0.0,0.0,5.6,8.0,0.698,0.695,2.5,3.3,0.736,2.3,7.8,10.1,1.8,1.0,0.9,1.1,1.3,13.7
32105,2025,4729,Javonte Green,,SG,31.0,6,NBA,NOP,31,12.0,21.3,2.2,4.7,0.462,0.7,1.9,0.35,1.5,2.7,0.541,0.534,1.0,1.4,0.744,1.0,2.2,3.2,0.7,1.0,0.6,0.6,1.5,6.0
32106,2025,4730,Jaxson Hayes,,C,24.0,6,NBA,LAL,11,1.0,17.5,2.4,3.3,0.722,0.0,0.0,,2.4,3.3,0.722,0.722,1.6,2.1,0.783,1.9,2.6,4.5,0.8,0.4,0.8,0.7,2.5,6.4
32107,2025,4957,Jay Huff,,C,26.0,4,NBA,MEM,30,1.0,15.3,3.3,6.3,0.519,1.7,4.0,0.413,1.6,2.3,0.706,0.651,1.1,1.4,0.767,0.6,2.1,2.7,0.8,0.3,1.1,0.7,1.7,9.3
32108,2025,4414,Jaylen Brown,,SF,28.0,9,NBA,BOS,28,28.0,35.4,9.0,19.4,0.461,2.3,7.0,0.332,6.6,12.4,0.534,0.521,4.1,5.6,0.734,1.5,4.5,6.0,4.6,1.4,0.3,2.8,2.4,24.4
32109,2025,5242,Jaylen Martin,,SF,21.0,1,NBA,BRK,3,0.0,1.7,0.3,0.7,0.5,0.3,0.3,1.0,0.0,0.3,0.0,0.75,0.0,0.0,,0.0,0.0,0.0,0.0,0.0,0.0,0.0,0.3,1.0
32110,2025,4732,Jaylen Nowell,,SG,25.0,6,NBA,NOP,8,0.0,21.0,3.3,9.1,0.356,1.0,3.4,0.296,2.3,5.8,0.391,0.411,0.9,1.4,0.636,0.8,1.8,2.5,2.3,0.1,0.5,1.0,1.1,8.4
32111,2025,5243,Jaylen Wells,,SG,21.0,1,NBA,MEM,34,29.0,25.0,4.1,9.2,0.441,1.8,4.9,0.367,2.3,4.3,0.524,0.538,1.4,1.7,0.807,1.0,2.2,3.2,1.7,0.5,0.1,1.2,1.9,11.3
32112,2025,5062,Jaylin Williams,,PF,22.0,3,NBA,OKC,5,0.0,12.0,1.6,3.8,0.421,1.4,3.4,0.412,0.2,0.4,0.5,0.605,0.0,0.0,,0.6,1.4,2.0,2.2,0.4,0.2,0.4,1.2,4.6
32113,2025,5244,Jaylon Tyson,,SG,22.0,1,NBA,CLE,19,1.0,7.6,0.9,1.9,0.459,0.2,0.7,0.308,0.7,1.3,0.542,0.514,0.2,0.4,0.5,0.7,1.0,1.7,0.7,0.3,0.0,0.5,1.2,2.2
32114,2025,4518,Jayson Tatum,,PF,26.0,8,NBA,BOS,30,30.0,36.3,9.3,20.0,0.466,3.9,10.5,0.369,5.5,9.6,0.571,0.562,5.8,7.2,0.797,0.6,8.9,9.5,5.5,1.3,0.5,2.8,2.5,28.3
32115,2025,5245,Jazian Gortman,,PG,21.0,1,NBA,DAL,13,0.0,3.8,0.6,1.5,0.421,0.2,0.5,0.429,0.4,0.9,0.417,0.5,0.2,0.3,0.5,0.1,0.3,0.4,0.4,0.2,0.1,0.4,0.6,1.6
32116,2025,5063,Jeenathan Williams,,SG,25.0,3,NBA,HOU,3,0.0,3.3,1.0,1.3,0.75,0.3,0.7,0.5,0.7,0.7,1.0,0.875,0.0,0.0,,0.0,1.0,1.0,0.0,0.3,0.0,0.0,0.0,2.3
32117,2025,4959,Jeff Dowtin,,PG,27.0,4,NBA,PHI,10,0.0,9.7,1.1,2.5,0.44,0.2,0.9,0.222,0.9,1.6,0.563,0.48,0.4,0.5,0.8,0.2,0.8,1.0,1.0,0.3,0.1,0.2,0.5,2.8
32118,2025,3761,Jeff Green,,PF,38.0,17,NBA,HOU,9,0.0,6.1,1.0,2.0,0.5,0.4,1.2,0.364,0.6,0.8,0.714,0.611,0.1,0.2,0.5,0.1,0.7,0.8,0.1,0.2,0.0,0.2,0.4,2.6
32119,2025,4257,Jerami Grant,,PF,30.0,11,NBA,POR,29,29.0,32.7,4.9,12.7,0.382,2.4,6.4,0.382,2.4,6.3,0.383,0.478,2.8,3.4,0.82,0.5,3.1,3.6,2.3,0.9,1.0,1.4,2.3,15.0
32120,2025,4960,Jeremiah Robinson-Earl,,PF,24.0,4,NBA,NOP,29,4.0,19.4,2.6,5.8,0.44,0.8,2.6,0.307,1.8,3.2,0.548,0.509,0.9,1.0,0.862,2.0,2.8,4.8,1.2,0.8,0.1,0.8,1.3,6.8
32121,2025,5064,Jeremy Sochan,,PF,21.0,3,NBA,SAS,20,17.0,29.3,5.5,10.4,0.524,0.5,1.7,0.265,5.0,8.7,0.575,0.546,2.6,3.5,0.729,2.7,5.6,8.3,2.8,0.9,0.7,1.9,2.5,13.9
32122,2025,4961,Jericho Sims,,C,26.0,4,NBA,NYK,29,2.0,11.6,0.8,1.2,0.647,0.0,0.0,,0.8,1.2,0.647,0.647,0.2,0.3,0.667,1.3,2.2,3.6,0.6,0.2,0.3,0.5,1.3,1.7
32123,2025,5160,Jett Howard,,SF,21.0,2,NBA,ORL,31,0.0,10.3,1.4,3.8,0.359,0.9,2.8,0.31,0.5,1.0,0.5,0.474,0.2,0.2,0.857,0.4,0.8,1.1,0.5,0.2,0.2,0.4,0.9,3.8
32124,2025,4637,Jevon Carter,,PG,29.0,7,NBA,CHI,15,0.0,6.9,1.3,2.9,0.432,0.8,2.0,0.4,0.5,0.9,0.5,0.568,0.2,0.3,0.75,0.1,0.8,0.9,0.9,0.3,0.0,0.4,0.3,3.5
32125,2025,4023,Jimmy Butler,,PF,35.0,14,NBA,MIA,20,20.0,31.4,6.1,11.1,0.552,0.5,1.4,0.357,5.6,9.7,0.58,0.575,5.8,7.4,0.782,2.6,3.2,5.8,4.9,1.3,0.4,1.3,1.0,18.5
32126,2025,4962,Jock Landale,,C,29.0,4,NBA,HOU,18,0.0,9.7,1.2,2.8,0.42,0.2,0.4,0.429,1.0,2.4,0.419,0.45,0.6,1.1,0.526,1.2,1.5,2.7,0.8,0.2,0.4,0.6,0.8,3.1
32127,2025,4261,Joe Ingles,,SF,37.0,11,NBA,MIN,7,0.0,3.7,0.0,0.3,0.0,0.0,0.3,0.0,0.0,0.0,,0.0,0.0,0.0,,0.3,0.0,0.3,1.3,0.0,0.0,0.1,0.7,0.0
32128,2025,4416,Joel Embiid,,C,30.0,9,NBA,PHI,11,11.0,29.4,7.5,16.7,0.451,1.2,3.9,0.302,6.4,12.8,0.496,0.486,7.5,8.0,0.932,1.6,5.4,7.0,3.8,0.9,1.0,3.3,2.3,23.7
32129,2025,4519,John Collins,,PF,27.0,8,NBA,UTA,26,17.0,30.0,6.5,12.3,0.523,1.4,3.3,0.424,5.1,9.1,0.559,0.579,3.4,3.9,0.871,2.2,6.0,8.2,2.5,1.1,0.8,2.6,2.9,17.7
32130,2025,4734,John Konchar,,SG,28.0,6,NBA,MEM,19,2.0,14.4,1.1,2.5,0.438,0.6,1.8,0.343,0.5,0.7,0.692,0.563,0.2,0.3,0.8,1.1,2.8,3.9,1.3,0.7,0.5,0.5,1.1,3.1
32131,2025,5066,Johnny Davis,2002.0,SG,22.0,3,NBA,WAS,21,0.0,8.9,1.3,2.9,0.45,0.3,1.0,0.3,1.0,1.9,0.525,0.5,0.3,0.5,0.636,0.3,1.2,1.5,0.4,0.6,0.3,0.2,0.8,3.2
32132,2025,5246,Johnny Furphy,,SG,20.0,1,NBA,IND,20,0.0,10.3,1.0,2.7,0.37,0.6,1.6,0.344,0.5,1.1,0.409,0.472,0.4,0.4,1.0,0.7,0.8,1.5,0.5,0.4,0.3,0.5,1.0,2.9
32133,2025,5067,Johnny Juzang,,SG,23.0,3,NBA,UTA,27,1.0,16.9,2.4,5.7,0.418,1.6,4.1,0.4,0.7,1.6,0.465,0.562,0.6,0.7,0.842,0.6,1.9,2.4,1.0,0.4,0.1,0.5,1.7,7.0
32134,2025,4100,Jonas Valančiūnas,,C,32.0,13,NBA,WAS,30,7.0,19.9,4.9,8.7,0.559,0.1,0.6,0.158,4.8,8.1,0.591,0.565,2.0,2.2,0.924,2.3,5.7,8.1,2.3,0.5,0.8,1.7,1.7,11.9
32135,2025,4522,Jonathan Isaac,,PF,27.0,6,NBA,ORL,28,0.0,16.7,2.1,5.2,0.404,0.7,2.6,0.26,1.4,2.6,0.548,0.469,0.9,1.3,0.667,1.7,3.0,4.7,0.4,0.9,1.3,0.5,1.4,5.8
32136,2025,4966,Jonathan Kuminga,,PF,22.0,4,NBA,GSW,30,10.0,26.4,6.1,13.5,0.448,1.2,3.7,0.318,4.9,9.9,0.497,0.491,3.5,5.4,0.642,1.5,3.6,5.1,2.1,0.9,0.6,1.5,2.0,16.8
32137,2025,5247,Jonathan Mogbo,,PF,23.0,1,NBA,TOR,33,6.0,17.2,2.0,4.5,0.456,0.2,0.7,0.292,1.8,3.7,0.488,0.48,1.0,1.4,0.717,1.9,2.6,4.5,1.7,0.8,0.5,0.9,1.9,5.3
32138,2025,4265,Jordan Clarkson,,SG,32.0,11,NBA,UTA,20,3.0,26.4,5.5,13.3,0.414,1.9,5.7,0.336,3.6,7.7,0.471,0.485,3.4,4.1,0.827,0.7,2.9,3.5,4.1,0.9,0.3,2.5,1.6,16.3
32139,2025,5162,Jordan Hawkins,,SG,22.0,2,NBA,NOP,17,3.0,24.8,3.8,10.6,0.359,1.9,6.0,0.324,1.9,4.6,0.405,0.45,2.2,2.5,0.881,0.4,2.6,2.9,1.1,0.4,0.5,1.0,0.9,11.8
32140,2025,4736,Jordan McLaughlin,,PG,28.0,6,NBA,SAC,23,0.0,7.2,0.7,1.7,0.385,0.4,1.0,0.391,0.3,0.7,0.375,0.5,0.4,0.6,0.714,0.1,0.7,0.8,0.9,0.4,0.0,0.4,0.5,2.1
32141,2025,5163,Jordan Miller,,SF,25.0,2,NBA,LAC,20,0.0,14.3,2.2,5.2,0.427,0.4,1.5,0.233,1.9,3.7,0.507,0.461,1.0,1.2,0.792,1.0,1.1,2.1,1.2,0.4,0.2,0.9,1.0,5.7
32142,2025,4737,Jordan Poole,,SG,25.0,6,NBA,WAS,26,26.0,31.6,6.9,15.9,0.432,3.5,8.7,0.407,3.3,7.2,0.463,0.543,4.0,4.8,0.84,0.3,2.3,2.7,5.0,1.6,0.5,3.5,3.4,21.3
32143,2025,5164,Jordan Walsh,,PF,20.0,2,NBA,BOS,24,1.0,8.9,0.7,1.8,0.364,0.3,1.3,0.267,0.3,0.6,0.571,0.455,0.2,0.4,0.5,0.5,0.8,1.3,0.3,0.3,0.3,0.2,0.7,1.9
32144,2025,4969,Jose Alvarado,,PG,26.0,4,NBA,NOP,11,7.0,25.6,3.6,9.2,0.396,2.2,5.5,0.4,1.5,3.7,0.39,0.515,1.3,1.5,0.824,0.5,1.6,2.2,4.5,1.5,0.3,1.3,2.4,10.7
32145,2025,4970,Josh Christopher,,SG,23.0,3,NBA,MIA,1,0.0,2.0,0.0,1.0,0.0,0.0,1.0,0.0,0.0,0.0,,0.0,0.0,0.0,,0.0,0.0,0.0,0.0,0.0,0.0,1.0,0.0,0.0
32146,2025,4971,Josh Giddey,,PG,22.0,4,NBA,CHI,29,29.0,27.3,4.7,10.4,0.449,1.2,4.0,0.31,3.4,6.4,0.535,0.508,1.8,2.4,0.729,1.4,5.5,6.9,7.0,1.0,0.4,2.7,1.4,12.3
32147,2025,4850,Josh Green,,SG,24.0,5,NBA,CHO,30,29.0,28.7,2.7,6.3,0.421,1.5,3.6,0.421,1.2,2.8,0.422,0.539,0.6,1.1,0.594,1.1,1.6,2.7,1.5,0.9,0.4,1.0,3.1,7.5
32148,2025,4525,Josh Hart,,SG,29.0,8,NBA,NYK,32,32.0,37.1,5.4,9.4,0.576,1.4,3.5,0.393,4.1,5.9,0.684,0.649,2.2,2.7,0.814,1.8,6.8,8.6,5.5,1.5,0.4,1.8,2.4,14.4
32149,2025,5069,Josh Minott,,SF,22.0,3,NBA,MIN,19,0.0,7.5,1.3,2.4,0.556,0.3,1.0,0.263,1.1,1.4,0.769,0.611,0.3,0.4,0.714,0.3,1.1,1.4,0.6,0.5,0.3,0.3,0.9,3.2
32150,2025,4643,Josh Okogie,,SG,26.0,7,NBA,PHO,20,1.0,15.7,2.6,5.3,0.486,0.8,2.0,0.385,1.8,3.3,0.545,0.557,0.9,1.4,0.643,1.5,1.7,3.2,0.5,1.0,0.4,0.8,1.2,6.8
32151,2025,4336,Josh Richardson,,SG,31.0,10,NBA,MIA,8,0.0,18.8,1.4,4.8,0.289,0.8,2.8,0.273,0.6,2.0,0.313,0.368,0.5,0.5,1.0,0.8,0.8,1.5,1.5,1.0,0.1,1.0,2.1,4.0
32152,2025,3891,Jrue Holiday,,PG,34.0,16,NBA,BOS,27,27.0,30.4,4.5,9.9,0.453,1.9,5.4,0.342,2.6,4.5,0.587,0.547,1.5,1.7,0.889,1.1,3.1,4.2,3.7,1.0,0.4,1.4,1.4,12.3
32153,2025,5070,Julian Champagnie,,SF,23.0,3,NBA,SAS,33,26.0,28.0,4.2,9.7,0.429,2.6,7.1,0.369,1.5,2.6,0.593,0.564,1.2,1.3,0.905,0.7,4.0,4.7,1.4,0.8,0.6,1.1,1.6,12.1
32154,2025,5166,Julian Phillips,,SF,21.0,2,NBA,CHI,32,3.0,13.9,1.6,3.9,0.419,0.8,2.3,0.32,0.9,1.5,0.571,0.516,0.6,0.9,0.667,0.8,1.2,2.1,0.5,0.6,0.3,0.4,1.5,4.6
32155,2025,5167,Julian Strawther,,SG,22.0,2,NBA,DEN,31,0.0,20.5,3.1,6.9,0.455,1.3,3.5,0.367,1.8,3.4,0.548,0.549,1.4,1.6,0.843,0.3,1.7,2.1,1.3,0.7,0.4,0.8,2.4,8.9
32156,2025,4266,Julius Randle,,PF,30.0,11,NBA,MIN,32,32.0,33.0,6.8,14.3,0.476,1.8,4.8,0.361,5.1,9.5,0.535,0.537,4.6,5.6,0.82,1.9,5.0,6.9,4.4,0.7,0.2,3.0,2.4,19.9
32157,2025,4973,Justin Champagnie,,SF,23.0,4,NBA,WAS,13,10.0,25.8,4.2,7.8,0.539,1.4,3.7,0.375,2.8,4.2,0.685,0.627,0.7,1.1,0.643,2.4,4.6,7.0,1.1,1.2,0.9,1.2,2.5,10.5
32158,2025,5248,Justin Edwards,,SF,21.0,1,NBA,PHI,2,0.0,4.5,1.0,1.5,0.667,0.0,0.5,0.0,1.0,1.0,1.0,0.667,0.0,0.5,0.0,0.0,1.0,1.0,0.5,0.0,0.0,0.0,0.0,2.0
32159,2025,5071,Justin Minaya,,SF,25.0,3,NBA,POR,1,0.0,6.0,0.0,0.0,,0.0,0.0,,0.0,0.0,,,0.0,0.0,,0.0,1.0,1.0,0.0,0.0,0.0,0.0,1.0,0.0
32160,2025,4267,Jusuf Nurkić,,C,30.0,11,NBA,PHO,23,23.0,24.3,3.0,6.7,0.452,0.7,2.4,0.304,2.3,4.3,0.535,0.506,2.0,2.8,0.692,1.9,7.6,9.5,1.9,1.0,0.7,2.3,3.0,8.8
32161,2025,4852,KJ Martin,,PF,24.0,5,NBA,PHI,24,7.0,20.0,2.5,4.1,0.616,0.3,0.9,0.381,2.2,3.3,0.679,0.657,1.0,1.2,0.828,0.9,2.1,3.0,0.8,0.5,0.7,0.5,2.6,6.4
32162,2025,5249,KJ Simpson,,PG,22.0,1,NBA,CHO,10,0.0,13.4,1.4,4.7,0.298,0.3,2.4,0.125,1.1,2.3,0.478,0.33,1.0,1.3,0.769,0.9,0.8,1.7,1.9,0.7,0.2,1.0,1.3,4.1
32163,2025,4974,Kai Jones,,C,24.0,3,NBA,LAC,21,0.0,8.1,0.8,1.2,0.654,0.0,0.1,0.0,0.8,1.1,0.708,0.654,0.4,0.6,0.75,0.6,1.2,1.8,0.4,0.3,0.5,0.4,1.0,2.0
32164,2025,4339,Karl-Anthony Towns,,C,29.0,10,NBA,NYK,31,31.0,34.2,8.9,16.1,0.55,2.2,4.9,0.438,6.7,11.2,0.599,0.617,4.8,5.8,0.833,2.9,10.6,13.5,3.3,0.8,0.9,2.6,3.6,24.7
32165,2025,5250,Karlo Matković,,PF,23.0,1,NBA,NOP,5,0.0,7.8,0.4,1.0,0.4,0.0,0.0,,0.4,1.0,0.4,0.4,0.0,0.0,,1.2,0.8,2.0,0.0,0.6,0.6,0.8,0.8,0.8
32166,2025,5251,Keaton Wallace,,PG,25.0,1,NBA,ATL,16,1.0,15.5,1.8,4.4,0.408,0.8,2.3,0.351,1.0,2.1,0.471,0.5,0.3,0.3,1.0,0.1,1.3,1.4,1.9,0.8,0.4,1.1,0.9,4.7
32167,2025,5072,Keegan Murray,,PF,24.0,3,NBA,SAC,32,32.0,35.5,4.5,10.9,0.413,1.6,5.5,0.286,2.9,5.4,0.54,0.484,1.1,1.2,0.872,2.2,5.2,7.4,1.4,0.7,0.8,1.0,2.9,11.6
32168,2025,5252,Kel'el Ware,,C,20.0,1,NBA,MIA,15,0.0,9.1,1.6,3.0,0.533,0.2,0.7,0.273,1.4,2.3,0.618,0.567,0.2,0.3,0.6,0.5,2.1,2.5,0.3,0.4,0.6,0.5,0.9,3.6
32169,2025,4746,Keldon Johnson,,SF,25.0,6,NBA,SAS,30,0.0,24.5,4.6,10.0,0.455,1.0,3.7,0.268,3.6,6.3,0.566,0.505,2.0,2.6,0.759,1.1,4.0,5.1,1.6,0.7,0.2,0.8,1.5,12.1
32170,2025,4177,Kelly Olynyk,,C,33.0,12,NBA,TOR,10,1.0,15.9,2.4,5.7,0.421,1.0,2.2,0.455,1.4,3.5,0.4,0.509,1.5,1.8,0.833,1.1,3.4,4.5,2.3,0.9,0.2,1.9,2.8,7.3
32171,2025,4341,Kelly Oubre Jr.,,SF,29.0,10,NBA,PHI,30,27.0,32.4,4.9,10.8,0.455,1.2,4.3,0.287,3.7,6.5,0.567,0.512,1.7,2.4,0.722,1.6,4.1,5.7,1.5,1.4,0.5,1.3,2.8,12.8
32172,2025,4646,Kenrich Williams,,PF,30.0,7,NBA,OKC,22,0.0,13.4,2.5,4.4,0.567,1.0,2.2,0.429,1.5,2.2,0.708,0.675,0.5,0.5,1.0,0.9,2.3,3.2,1.0,0.7,0.2,0.3,1.7,6.4
32173,2025,4178,Kentavious Caldwell-Pope,,SG,31.0,12,NBA,ORL,33,33.0,30.9,2.9,7.5,0.393,1.4,4.8,0.289,1.5,2.7,0.58,0.486,1.4,1.5,0.922,0.3,1.7,2.0,2.0,1.6,0.6,0.8,2.1,8.7
32174,2025,5076,Keon Ellis,,SG,25.0,3,NBA,SAC,31,4.0,19.7,2.1,4.4,0.467,1.3,3.1,0.423,0.7,1.3,0.575,0.617,1.0,1.2,0.861,0.7,1.5,2.3,1.0,1.2,0.8,0.8,1.8,6.5
32175,2025,4976,Keon Johnson,,SG,22.0,4,NBA,BRK,30,11.0,19.5,2.7,7.5,0.362,1.3,4.4,0.286,1.4,3.0,0.473,0.446,0.5,0.7,0.727,0.6,2.5,3.1,1.2,0.7,0.3,1.1,2.5,7.2
32176,2025,5253,Keshad Johnson,,SF,23.0,1,NBA,MIA,3,0.0,4.7,0.3,0.7,0.5,0.0,0.3,0.0,0.3,0.3,1.0,0.5,0.0,0.0,,0.0,1.0,1.0,0.0,0.0,0.0,0.0,0.3,0.7
32177,2025,4977,Kessler Edwards,,SF,24.0,4,NBA,DAL,12,0.0,2.2,0.0,0.5,0.0,0.0,0.3,0.0,0.0,0.2,0.0,0.0,0.0,0.0,,0.0,0.2,0.2,0.1,0.0,0.1,0.1,0.3,0.0
32178,2025,3770,Kevin Durant,,PF,36.0,17,NBA,PHO,22,22.0,36.0,9.8,19.1,0.512,2.4,5.9,0.411,7.4,13.2,0.557,0.575,5.8,6.9,0.836,0.5,6.0,6.5,3.8,0.8,1.3,3.3,1.8,27.7
32179,2025,4647,Kevin Huerter,,SG,26.0,7,NBA,SAC,29,15.0,25.1,3.6,8.3,0.429,1.7,5.6,0.309,1.8,2.7,0.679,0.533,0.6,0.8,0.696,0.4,3.0,3.4,2.0,1.0,0.5,1.0,2.1,9.4
32180,2025,3830,Kevin Love,,PF,36.0,17,NBA,MIA,16,5.0,11.4,2.0,5.7,0.352,1.1,3.1,0.36,0.9,2.6,0.341,0.451,0.8,1.2,0.684,1.1,3.4,4.5,1.2,0.8,0.1,0.8,0.9,5.9
32181,2025,4749,Kevin Porter Jr.,,SG,24.0,5,NBA,LAC,29,1.0,19.9,3.9,9.5,0.409,0.7,2.6,0.25,3.2,6.9,0.47,0.444,1.1,1.8,0.647,0.7,2.9,3.6,3.1,1.0,0.2,2.2,1.8,9.6
32182,2025,4342,Kevon Looney,,C,28.0,10,NBA,GSW,28,5.0,15.8,2.1,4.0,0.527,0.0,0.0,,2.1,4.0,0.527,0.527,0.6,1.5,0.439,3.1,3.8,6.9,1.7,0.7,0.2,0.6,2.3,4.9
32183,2025,5170,Keyonte George,,PG,21.0,2,NBA,UTA,26,26.0,31.5,5.3,13.5,0.392,2.7,7.7,0.347,2.7,5.9,0.451,0.49,2.6,3.2,0.798,0.5,2.9,3.3,5.7,0.7,0.2,3.3,1.7,15.8
32184,2025,4107,Khris Middleton,,SF,33.0,13,NBA,MIL,10,5.0,23.6,4.8,10.7,0.449,1.9,4.1,0.463,2.9,6.6,0.439,0.537,2.3,2.7,0.852,0.4,3.9,4.3,5.5,0.9,0.2,2.6,2.9,13.8
32185,2025,4036,Klay Thompson,,SF,34.0,12,NBA,DAL,28,28.0,27.6,5.1,12.2,0.416,3.0,7.9,0.38,2.1,4.3,0.483,0.54,0.9,1.0,0.897,0.6,2.8,3.4,1.9,1.0,0.4,1.2,1.4,14.1
32186,2025,5171,Kobe Brown,,PF,25.0,2,NBA,LAC,8,0.0,7.4,1.4,3.3,0.423,0.3,0.9,0.286,1.1,2.4,0.474,0.462,0.1,0.3,0.5,0.6,1.4,2.0,0.5,0.1,0.1,0.0,0.8,3.1
32187,2025,5172,Kobe Bufkin,,SG,21.0,2,NBA,ATL,10,0.0,12.4,1.8,4.7,0.383,0.4,1.9,0.211,1.4,2.8,0.5,0.426,1.3,1.8,0.722,0.5,1.6,2.1,1.7,0.3,0.2,0.8,0.9,5.3
32188,2025,4420,Kris Dunn,,PG,30.0,9,NBA,LAC,33,22.0,23.8,2.8,6.4,0.445,1.1,3.3,0.333,1.8,3.1,0.563,0.531,0.2,0.4,0.5,0.7,2.8,3.5,2.8,1.7,0.3,1.2,2.5,7.0
32189,2025,5173,Kris Murray,,SF,24.0,2,NBA,POR,26,0.0,12.3,1.6,3.4,0.461,0.4,1.4,0.306,1.2,2.0,0.566,0.522,0.3,0.8,0.4,0.9,1.1,2.0,0.7,0.4,0.1,0.6,1.0,3.9
32190,2025,4343,Kristaps Porziņģis,,C,29.0,9,NBA,BOS,11,11.0,27.2,6.1,13.5,0.453,2.0,6.1,0.328,4.1,7.4,0.556,0.527,4.1,4.8,0.849,1.4,5.0,6.4,1.6,0.7,1.5,0.7,2.2,18.3
32191,2025,4271,Kyle Anderson,,PF,31.0,11,NBA,GSW,26,2.0,14.5,2.0,4.7,0.415,0.6,1.6,0.357,1.4,3.1,0.444,0.476,0.5,0.8,0.65,0.6,2.4,3.0,2.2,0.8,0.5,0.5,1.1,5.0
32192,2025,5254,Kyle Filipowski,,C,21.0,1,NBA,UTA,21,8.0,16.8,2.2,4.4,0.511,0.6,1.7,0.343,1.7,2.7,0.614,0.576,1.0,1.8,0.568,0.9,3.3,4.2,1.8,0.6,0.1,1.0,1.9,6.0
32193,2025,4534,Kyle Kuzma,,PF,29.0,8,NBA,WAS,13,12.0,27.0,6.2,14.6,0.421,1.2,4.7,0.262,4.9,9.9,0.496,0.463,1.8,2.8,0.639,0.7,4.6,5.3,2.0,0.5,0.2,2.4,2.0,15.3
32194,2025,3685,Kyle Lowry,,PG,38.0,19,NBA,PHI,22,10.0,20.3,1.3,3.6,0.363,1.0,2.7,0.35,0.4,0.9,0.4,0.494,0.8,1.0,0.783,0.3,1.6,1.9,2.9,1.0,0.4,0.6,1.9,4.4
32195,2025,4037,Kyrie Irving,,SG,32.0,14,NBA,DAL,29,29.0,35.6,9.0,18.5,0.489,3.2,7.2,0.445,5.8,11.3,0.517,0.576,3.3,3.7,0.906,1.1,3.4,4.5,5.0,1.1,0.3,2.2,2.1,24.6
32196,2025,5255,Kyshawn George,,SG,21.0,1,NBA,WAS,25,6.0,25.9,2.5,7.5,0.335,1.3,5.0,0.256,1.2,2.5,0.492,0.42,0.9,1.3,0.719,0.7,3.3,4.0,2.3,0.7,0.7,1.1,2.9,7.2
32197,2025,4858,LaMelo Ball,,PG,23.0,5,NBA,CHO,22,22.0,33.7,10.5,24.6,0.425,4.5,13.0,0.346,6.0,11.6,0.514,0.517,4.7,5.5,0.844,0.9,4.5,5.3,7.4,1.3,0.2,4.1,3.7,30.1
32198,2025,4651,Landry Shamet,,SG,27.0,7,NBA,NYK,4,0.0,7.3,1.5,2.5,0.6,0.8,1.0,0.75,0.8,1.5,0.5,0.75,0.0,0.0,,0.0,0.5,0.5,0.5,0.8,0.0,0.0,0.3,3.8
32199,2025,4345,Larry Nance Jr.,,PF,32.0,10,NBA,ATL,15,2.0,19.4,3.7,6.3,0.585,1.7,3.3,0.52,1.9,2.9,0.659,0.723,0.5,0.5,0.875,1.1,3.2,4.3,1.6,1.1,0.7,0.7,1.5,9.5
32200,2025,4535,Lauri Markkanen,,PF,27.0,8,NBA,UTA,26,26.0,31.9,6.1,13.8,0.439,2.9,7.8,0.371,3.2,6.1,0.525,0.543,4.6,5.2,0.888,1.8,4.5,6.3,1.9,0.7,0.2,1.5,1.6,19.6
32201,2025,3462,LeBron James,,SF,40.0,22,NBA,LAL,29,29.0,35.0,9.0,18.0,0.497,2.0,5.6,0.362,6.9,12.4,0.558,0.554,3.5,4.5,0.771,0.9,6.8,7.7,8.9,0.8,0.6,3.8,1.3,23.4
32202,2025,5175,Leonard Miller,,SF,21.0,2,NBA,MIN,1,0.0,2.0,0.0,0.0,,0.0,0.0,,0.0,0.0,,,2.0,2.0,1.0,0.0,0.0,0.0,0.0,1.0,0.0,0.0,0.0,2.0
32203,2025,5078,Lester Quiñones,,SG,24.0,3,NBA,PHI,4,0.0,4.3,1.0,2.0,0.5,0.0,0.8,0.0,1.0,1.3,0.8,0.5,0.3,0.3,1.0,0.8,0.3,1.0,0.3,0.0,0.0,1.0,0.0,2.3
32204,2025,5256,Liam Robbins,,C,25.0,1,NBA,MIL,7,0.0,4.7,0.3,0.6,0.5,0.0,0.1,0.0,0.3,0.4,0.667,0.5,0.1,0.6,0.25,0.6,0.4,1.0,0.1,0.1,0.1,0.1,0.6,0.7
32205,2025,4981,Lindy Waters III,,SG,27.0,4,NBA,GSW,25,8.0,17.6,1.9,5.5,0.348,1.3,4.0,0.32,0.6,1.5,0.421,0.464,0.2,0.3,0.857,0.5,2.1,2.6,1.3,0.7,0.2,0.4,1.6,5.4
32206,2025,4537,Lonzo Ball,,PG,27.0,6,NBA,CHI,14,0.0,18.2,1.7,5.1,0.333,1.4,4.3,0.317,0.4,0.9,0.417,0.465,0.6,0.7,0.8,0.4,2.7,3.1,3.6,1.2,0.5,1.1,1.4,5.4
32207,2025,4754,Luguentz Dort,,SF,25.0,6,NBA,OKC,31,31.0,29.5,3.3,8.3,0.399,2.2,5.6,0.393,1.1,2.7,0.412,0.531,0.9,1.1,0.8,1.5,3.1,4.6,1.6,1.1,0.7,0.5,3.1,9.7
32208,2025,4653,Luka Dončić,,PG,25.0,7,NBA,DAL,22,22.0,35.7,9.8,21.2,0.464,3.4,9.6,0.354,6.4,11.5,0.555,0.544,5.1,6.6,0.767,0.7,7.6,8.3,7.8,2.0,0.4,3.4,2.6,28.1
32209,2025,4982,Luka Garza,,C,26.0,4,NBA,MIN,9,0.0,5.1,1.6,2.8,0.56,0.2,0.9,0.25,1.3,1.9,0.706,0.6,0.6,0.9,0.625,0.4,0.8,1.2,0.1,0.1,0.0,0.3,0.4,3.9
32210,2025,4538,Luke Kennard,,SG,28.0,8,NBA,MEM,22,0.0,20.6,2.6,6.0,0.443,2.0,4.4,0.448,0.7,1.6,0.429,0.607,1.0,1.2,0.852,0.5,2.1,2.6,3.0,0.6,0.1,0.9,0.8,8.3
32211,2025,4539,Luke Kornet,,C,29.0,8,NBA,BOS,27,3.0,16.7,1.7,2.8,0.6,0.0,0.0,,1.7,2.8,0.6,0.6,1.1,1.4,0.744,2.1,2.9,5.0,1.5,0.4,1.0,0.4,1.1,4.4
32212,2025,5257,Luke Travers,,SG,23.0,1,NBA,CLE,6,0.0,7.0,0.5,1.2,0.429,0.0,0.5,0.0,0.5,0.7,0.75,0.429,0.3,0.3,1.0,0.2,0.8,1.0,0.8,0.2,0.2,0.3,0.5,1.3
32213,2025,4984,Mac McClung,,SG,26.0,3,NBA,ORL,1,0.0,5.0,0.0,0.0,,0.0,0.0,,0.0,0.0,,,0.0,0.0,,0.0,1.0,1.0,2.0,0.0,0.0,0.0,0.0,0.0
32214,2025,5079,Malaki Branham,,SG,21.0,3,NBA,SAS,22,0.0,11.9,2.1,4.8,0.438,0.8,2.1,0.383,1.3,2.6,0.483,0.524,0.8,0.9,0.85,0.1,1.3,1.4,1.2,0.3,0.1,1.2,0.7,5.8
32215,2025,4423,Malcolm Brogdon,,PG,32.0,9,NBA,WAS,15,12.0,25.3,5.0,11.0,0.455,1.0,2.9,0.341,4.0,8.1,0.496,0.5,3.5,4.0,0.867,1.0,3.2,4.2,3.8,0.7,0.3,1.9,1.7,14.5
32216,2025,5258,Malevy Leons,,SF,25.0,1,NBA,OKC,6,0.0,3.5,0.0,0.3,0.0,0.0,0.2,0.0,0.0,0.2,0.0,0.0,0.3,0.7,0.5,0.2,0.3,0.5,0.2,0.0,0.0,0.2,0.7,0.3
32217,2025,4425,Malik Beasley,,SG,28.0,9,NBA,DET,32,8.0,28.2,5.8,13.5,0.434,3.9,9.3,0.418,1.9,4.1,0.47,0.579,1.1,1.5,0.708,0.6,2.5,3.0,1.9,0.8,0.1,1.0,1.3,16.7
32218,2025,4541,Malik Monk,,SG,26.0,8,NBA,SAC,26,13.0,30.1,5.7,13.0,0.434,2.3,6.7,0.349,3.3,6.3,0.524,0.524,2.1,2.5,0.859,0.3,3.5,3.7,4.8,0.8,0.6,1.9,2.4,15.8
32219,2025,5080,MarJon Beauchamp,,SF,24.0,3,NBA,MIL,14,0.0,3.8,0.6,1.6,0.409,0.2,0.8,0.273,0.4,0.8,0.545,0.477,0.4,0.4,0.833,0.1,0.8,0.9,0.1,0.1,0.0,0.8,0.3,1.9
32220,2025,5178,Marcus Sasser,,PG,24.0,2,NBA,DET,21,0.0,13.5,2.5,4.7,0.531,0.9,2.2,0.404,1.6,2.4,0.647,0.628,0.3,0.3,1.0,0.4,0.6,1.0,1.8,0.9,0.1,0.9,1.1,6.1
32221,2025,4275,Marcus Smart,,PG,30.0,11,NBA,MEM,18,6.0,21.2,2.9,7.9,0.373,1.6,4.8,0.333,1.3,3.1,0.436,0.475,1.7,2.0,0.833,0.8,1.6,2.3,3.8,1.3,0.3,1.9,1.7,9.2
32222,2025,5081,Mark Williams,,C,23.0,3,NBA,CHO,10,7.0,18.3,5.0,7.6,0.658,0.0,0.0,,5.0,7.6,0.658,0.658,2.0,2.6,0.769,2.2,5.0,7.2,2.1,0.6,1.0,0.6,2.0,12.0
32223,2025,4044,Markieff Morris,,PF,35.0,14,NBA,DAL,4,0.0,5.3,0.5,2.3,0.222,0.3,0.8,0.333,0.3,1.5,0.167,0.278,0.0,0.0,,0.0,1.3,1.3,0.5,0.0,0.3,0.5,0.0,1.3
32224,2025,4655,Marvin Bagley III,,C,25.0,7,NBA,WAS,19,1.0,8.7,2.0,3.7,0.535,0.1,0.5,0.2,1.9,3.2,0.59,0.549,0.8,1.2,0.652,1.4,1.5,2.9,0.4,0.4,0.3,0.6,0.6,4.9
32225,2025,4864,Mason Jones,,SG,26.0,4,NBA,SAC,3,0.0,4.3,0.0,0.7,0.0,0.0,0.7,0.0,0.0,0.0,,0.0,0.0,0.0,,0.3,1.0,1.3,2.3,0.0,0.0,0.0,0.3,0.0
32226,2025,4180,Mason Plumlee,,C,34.0,12,NBA,PHO,31,9.0,17.5,1.6,2.7,0.588,0.0,0.0,0.0,1.6,2.7,0.595,0.588,1.1,1.8,0.6,1.6,4.6,6.2,1.8,0.3,0.8,0.8,2.0,4.3
32227,2025,5259,Matas Buzelis,,SF,20.0,1,NBA,CHI,31,0.0,13.1,1.8,4.9,0.364,0.8,2.4,0.333,1.0,2.5,0.395,0.447,0.7,0.9,0.786,0.5,2.1,2.6,0.5,0.3,0.8,0.6,1.4,5.1
32228,2025,4988,Matt Ryan,,SF,27.0,4,NBA,NYK,10,0.0,4.6,0.6,2.1,0.286,0.3,1.4,0.214,0.3,0.7,0.429,0.357,0.0,0.0,,0.0,0.2,0.2,0.0,0.1,0.0,0.3,0.0,1.5
32229,2025,5082,Max Christie,,SG,21.0,3,NBA,LAL,31,10.0,22.0,2.2,5.1,0.434,0.9,2.6,0.35,1.3,2.5,0.519,0.522,1.8,2.0,0.873,0.7,1.6,2.3,1.2,0.9,0.4,0.7,1.6,7.1
32230,2025,4763,Max Strus,,SF,28.0,6,NBA,CLE,5,0.0,22.0,2.4,6.4,0.375,1.8,5.4,0.333,0.6,1.0,0.6,0.516,0.2,0.2,1.0,0.8,2.8,3.6,2.0,0.4,0.4,0.8,2.8,6.8
32231,2025,4547,Maxi Kleber,,PF,33.0,8,NBA,DAL,21,3.0,18.8,0.8,2.2,0.362,0.2,1.0,0.25,0.6,1.3,0.444,0.415,0.4,0.6,0.75,0.6,2.7,3.2,0.9,0.2,0.5,0.7,1.9,2.3
32232,2025,5181,Maxwell Lewis,,SF,22.0,2,NBA,LAL,7,0.0,4.1,0.3,0.9,0.333,0.0,0.0,,0.3,0.9,0.333,0.333,0.0,0.0,,0.3,0.0,0.3,0.3,0.1,0.0,0.3,0.1,0.6
32233,2025,4990,Micah Potter,,C,26.0,4,NBA,UTA,9,2.0,18.1,1.4,3.3,0.433,1.1,2.8,0.4,0.3,0.6,0.6,0.6,0.0,0.0,,1.6,3.6,5.1,1.3,0.2,0.4,0.7,1.0,4.0
32234,2025,4766,Michael Porter Jr.,,SF,26.0,6,NBA,DEN,31,31.0,34.4,7.2,13.8,0.519,2.5,6.1,0.413,4.6,7.7,0.603,0.61,1.9,2.7,0.699,1.6,5.0,6.6,2.7,0.7,0.4,1.5,2.2,18.7
32235,2025,4657,Mikal Bridges,,SF,28.0,7,NBA,NYK,33,33.0,39.1,7.4,14.8,0.501,2.4,6.7,0.362,5.0,8.1,0.616,0.583,0.8,1.1,0.714,0.9,2.4,3.3,3.4,1.2,0.5,1.6,1.4,18.0
32236,2025,3779,Mike Conley,,PG,37.0,18,NBA,MIN,28,28.0,25.3,2.6,7.4,0.353,1.9,5.2,0.366,0.7,2.2,0.323,0.481,1.3,1.4,0.921,0.5,2.2,2.7,4.4,1.5,0.2,1.2,1.6,8.4
32237,2025,4658,Miles Bridges,,PF,26.0,6,NBA,CHO,19,19.0,30.6,6.5,15.4,0.421,1.9,6.8,0.277,4.6,8.5,0.537,0.483,3.1,3.5,0.894,0.9,6.8,7.7,3.6,0.6,0.6,1.8,1.3,17.9
32238,2025,4991,Miles McBride,,PG,24.0,4,NBA,NYK,28,0.0,24.5,3.4,8.1,0.425,1.9,4.7,0.402,1.5,3.4,0.457,0.542,1.0,1.3,0.8,0.8,1.9,2.6,3.0,0.9,0.2,0.9,1.6,9.8
32239,2025,4661,Mo Bamba,,C,26.0,7,NBA,LAC,18,0.0,12.2,1.4,3.5,0.397,0.3,1.7,0.2,1.1,1.8,0.576,0.444,0.5,0.7,0.692,0.8,2.8,3.6,0.7,0.4,1.1,0.6,1.9,3.6
32240,2025,4551,Monte Morris,,PG,29.0,8,NBA,PHO,27,0.0,13.6,1.9,4.6,0.419,0.6,2.0,0.291,1.3,2.6,0.522,0.484,1.0,1.3,0.824,0.3,1.3,1.6,1.8,0.5,0.1,0.5,0.6,5.5
32241,2025,4662,Moritz Wagner,,C,27.0,7,NBA,ORL,30,1.0,18.8,4.7,8.3,0.562,0.9,2.5,0.36,3.8,5.8,0.649,0.616,2.6,3.7,0.718,1.3,3.6,4.9,1.4,0.8,0.4,1.6,1.8,12.9
32242,2025,4768,Moses Brown,,C,25.0,6,NBA,IND,9,0.0,5.1,1.4,2.2,0.65,0.0,0.0,,1.4,2.2,0.65,0.65,0.3,0.6,0.6,0.4,1.0,1.4,0.0,0.2,0.1,0.7,0.7,3.2
32243,2025,4992,Moses Moody,,SG,22.0,4,NBA,GSW,26,4.0,15.9,2.7,6.2,0.435,1.3,3.7,0.368,1.3,2.5,0.53,0.543,1.1,1.5,0.744,0.4,1.4,1.8,0.8,0.4,0.2,0.8,1.2,7.8
32244,2025,5183,Mouhamed Gueye,,PF,22.0,2,NBA,ATL,2,0.0,5.5,0.5,2.0,0.25,0.0,1.0,0.0,0.5,1.0,0.5,0.25,0.0,0.0,,0.0,1.0,1.0,0.0,0.0,0.0,0.5,0.0,1.0
32245,2025,5084,Moussa Diabaté,,C,23.0,3,NBA,CHO,30,4.0,17.9,1.5,2.5,0.605,0.0,0.0,,1.5,2.5,0.605,0.605,0.4,0.8,0.44,3.1,3.8,6.8,0.6,0.6,0.7,0.9,1.7,3.4
32246,2025,4350,Myles Turner,,C,28.0,10,NBA,IND,32,32.0,31.3,5.4,11.2,0.487,1.9,4.9,0.392,3.5,6.2,0.563,0.574,2.1,2.9,0.723,1.4,5.8,7.2,1.6,0.8,2.0,2.3,2.9,14.9
32247,2025,4865,Naji Marshall,,SF,27.0,5,NBA,DAL,26,8.0,23.2,4.3,8.2,0.528,0.8,2.4,0.317,3.6,5.8,0.616,0.575,1.4,1.6,0.881,0.9,2.3,3.3,2.2,0.8,0.1,1.3,1.4,10.9
32248,2025,4771,Naz Reid,,C,25.0,6,NBA,MIN,32,0.0,24.7,4.7,10.1,0.46,1.7,4.9,0.342,3.0,5.2,0.572,0.543,1.4,1.7,0.818,0.7,4.3,5.0,1.7,0.7,0.8,1.3,2.5,12.4
32249,2025,4995,Neemias Queta,,C,25.0,4,NBA,BOS,27,5.0,15.8,2.3,3.6,0.646,0.0,0.1,0.0,2.3,3.5,0.66,0.646,0.8,1.1,0.733,1.7,2.8,4.5,0.7,0.3,0.9,0.7,2.0,5.4
32250,2025,4772,Nic Claxton,,C,25.0,6,NBA,BRK,26,18.0,25.6,4.1,7.3,0.563,0.0,0.3,0.125,4.1,7.0,0.582,0.566,1.2,2.3,0.508,2.0,5.4,7.4,2.0,0.9,1.2,1.3,2.2,9.4
32251,2025,4869,Nick Richards,,C,27.0,5,NBA,CHO,17,9.0,21.9,3.2,5.6,0.568,0.0,0.1,0.0,3.2,5.5,0.574,0.568,2.9,4.5,0.658,2.3,5.5,7.8,1.2,0.4,1.2,1.7,2.7,9.3
32252,2025,5186,Nick Smith Jr.,,SG,20.0,2,NBA,CHO,14,0.0,8.9,1.2,3.5,0.347,0.6,1.9,0.333,0.6,1.6,0.364,0.439,0.1,0.1,0.5,0.1,0.7,0.8,0.7,0.3,0.1,0.2,0.6,3.1
32253,2025,4773,Nickeil Alexander-Walker,,SG,26.0,6,NBA,MIN,32,2.0,23.3,3.4,6.8,0.502,1.7,3.9,0.444,1.7,2.9,0.581,0.629,0.8,1.1,0.765,0.5,2.3,2.8,2.5,0.8,0.3,1.5,1.7,9.3
32254,2025,3841,Nicolas Batum,,PF,36.0,17,NBA,LAC,33,1.0,18.4,1.2,3.0,0.388,0.9,2.4,0.388,0.2,0.5,0.389,0.546,0.3,0.4,0.769,0.7,2.2,2.8,1.6,0.5,0.4,0.6,1.4,3.5
32255,2025,4352,Nikola Jokić,,C,29.0,10,NBA,DEN,28,28.0,37.2,11.8,20.9,0.563,2.3,4.7,0.489,9.5,16.3,0.585,0.618,5.1,6.4,0.794,3.5,9.4,12.9,9.5,1.8,0.6,3.4,2.0,31.0
32256,2025,5085,Nikola Jović,,PF,21.0,3,NBA,MIA,21,9.0,20.1,2.8,6.2,0.446,1.2,3.2,0.382,1.5,3.0,0.516,0.546,1.9,2.3,0.813,0.5,3.0,3.6,1.7,0.9,0.1,0.7,1.5,8.6
32257,2025,4047,Nikola Vučević,,C,34.0,14,NBA,CHI,32,32.0,32.2,8.3,14.6,0.568,2.1,4.7,0.453,6.2,9.9,0.623,0.641,1.8,2.2,0.831,2.2,7.8,10.0,3.3,0.8,0.7,1.7,2.3,20.6
32258,2025,5187,Noah Clowney,,PF,20.0,2,NBA,BRK,23,5.0,20.0,3.0,7.1,0.415,2.0,5.0,0.391,1.0,2.1,0.469,0.552,1.0,1.3,0.793,0.9,2.7,3.7,0.7,0.3,0.5,0.9,2.8,8.9
32259,2025,4353,Norman Powell,,SG,31.0,10,NBA,LAC,26,26.0,33.3,8.4,17.2,0.49,3.7,8.3,0.451,4.7,8.9,0.526,0.598,3.7,4.3,0.85,0.3,3.0,3.3,2.5,1.3,0.2,2.1,2.0,24.3
32260,2025,4555,OG Anunoby,,PF,27.0,8,NBA,NYK,33,33.0,36.3,6.2,13.1,0.471,2.1,6.0,0.352,4.1,7.1,0.573,0.552,1.9,2.3,0.805,1.2,3.9,5.1,1.9,1.5,1.0,1.3,2.5,16.4
32261,2025,4871,Obi Toppin,,PF,26.0,5,NBA,IND,31,0.0,19.7,4.0,7.3,0.551,1.2,3.5,0.355,2.8,3.8,0.729,0.636,1.1,1.3,0.825,0.7,3.3,4.0,1.7,0.8,0.4,0.6,1.5,10.3
32262,2025,5086,Ochai Agbaji,,SG,24.0,3,NBA,TOR,33,31.0,29.9,4.4,8.8,0.5,1.6,4.1,0.4,2.8,4.8,0.586,0.592,0.5,0.8,0.654,0.9,3.0,3.9,1.8,0.8,0.5,0.9,2.3,11.0
32263,2025,5188,Olivier-Maxence Prosper,,PF,22.0,2,NBA,DAL,22,0.0,7.3,0.7,2.0,0.356,0.2,0.7,0.267,0.5,1.4,0.4,0.4,0.5,0.9,0.579,0.6,1.1,1.7,0.5,0.3,0.1,0.1,0.3,2.1
32264,2025,4872,Onyeka Okongwu,,C,24.0,5,NBA,ATL,26,0.0,23.5,4.5,8.1,0.55,0.4,1.6,0.238,4.1,6.5,0.627,0.573,2.2,2.8,0.767,2.5,4.0,6.5,1.3,0.7,0.7,0.8,2.2,11.5
32265,2025,5087,Orlando Robinson,,C,24.0,3,NBA,SAC,8,0.0,6.3,0.8,1.9,0.4,0.1,0.6,0.2,0.6,1.3,0.5,0.433,0.4,0.8,0.5,0.4,1.1,1.5,1.1,0.3,0.1,0.4,0.8,2.0
32266,2025,5190,Oscar Tshiebwe,,PF,25.0,2,NBA,UTA,1,0.0,16.0,0.0,0.0,,0.0,0.0,,0.0,0.0,,,3.0,4.0,0.75,3.0,6.0,9.0,0.0,2.0,0.0,1.0,3.0,3.0
32267,2025,5260,Oso Ighodaro,,PF,22.0,1,NBA,PHO,26,2.0,15.9,1.7,2.8,0.595,0.0,0.0,,1.7,2.8,0.595,0.595,0.4,0.7,0.579,1.0,2.7,3.7,0.9,0.5,0.3,0.6,1.7,3.8
32268,2025,5088,Ousmane Dieng,,PF,21.0,3,NBA,OKC,19,0.0,10.6,1.1,3.4,0.313,0.5,2.0,0.237,0.6,1.4,0.423,0.383,0.4,0.6,0.636,0.5,2.0,2.5,0.7,0.6,0.2,0.3,1.0,2.9
32269,2025,4778,P.J. Washington,,PF,26.0,6,NBA,DAL,26,25.0,32.6,4.6,10.3,0.446,1.7,4.2,0.398,2.9,6.1,0.478,0.526,2.0,2.6,0.75,1.4,6.1,7.5,2.2,1.2,1.1,1.8,2.1,12.8
32270,2025,4557,PJ Dozier,,SG,28.0,7,NBA,MIN,9,0.0,3.9,0.2,0.3,0.667,0.2,0.3,0.667,0.0,0.0,,1.0,0.1,0.7,0.167,0.1,0.4,0.6,0.6,0.1,0.0,0.1,0.3,0.8
32271,2025,5261,PJ Hall,,C,22.0,1,NBA,DEN,6,0.0,2.3,0.3,0.8,0.4,0.0,0.3,0.0,0.3,0.5,0.667,0.4,0.0,0.0,,0.0,0.5,0.5,0.0,0.0,0.2,0.0,0.2,0.7
32272,2025,5262,Pacome Dadiet,,SG,19.0,1,NBA,NYK,12,0.0,6.8,0.5,1.7,0.3,0.4,1.2,0.357,0.1,0.5,0.167,0.425,0.2,0.2,1.0,0.0,1.1,1.1,0.4,0.1,0.2,0.1,0.4,1.6
32273,2025,5089,Paolo Banchero,,PF,22.0,3,NBA,ORL,5,5.0,36.4,9.6,19.4,0.495,2.2,6.4,0.344,7.4,13.0,0.569,0.552,7.6,11.8,0.644,2.4,6.4,8.8,5.6,0.6,0.8,2.2,2.6,29.0
32274,2025,4436,Pascal Siakam,,PF,30.0,9,NBA,IND,34,34.0,33.7,7.5,14.4,0.519,2.0,4.5,0.438,5.5,9.9,0.556,0.588,2.9,3.7,0.772,1.6,5.6,7.2,3.4,0.9,0.3,1.4,2.9,19.9
32275,2025,4354,Pat Connaughton,,SG,32.0,10,NBA,MIL,16,0.0,16.8,1.7,4.4,0.38,0.9,2.8,0.311,0.8,1.6,0.5,0.479,0.6,0.8,0.75,0.5,2.4,2.9,1.6,0.2,0.3,0.7,1.3,4.8
32276,2025,5191,Pat Spencer,,PG,28.0,2,NBA,GSW,10,0.0,4.9,0.6,1.7,0.353,0.0,0.3,0.0,0.6,1.4,0.429,0.353,0.2,0.2,1.0,0.4,0.6,1.0,1.4,0.6,0.0,0.4,0.4,1.4
32277,2025,5090,Patrick Baldwin Jr.,,SF,22.0,3,NBA,WAS,14,0.0,4.3,0.7,1.4,0.5,0.4,0.8,0.455,0.4,0.6,0.556,0.625,0.1,0.3,0.5,0.2,0.6,0.9,0.1,0.1,0.1,0.1,0.3,1.9
32278,2025,4873,Patrick Williams,,PF,23.0,5,NBA,CHI,23,22.0,27.1,3.6,9.0,0.396,1.9,5.0,0.386,1.7,4.0,0.409,0.502,1.3,1.4,0.879,0.9,3.5,4.3,2.1,0.9,0.6,1.5,1.3,10.3
32279,2025,3898,Patty Mills,,PG,36.0,16,NBA,UTA,9,0.0,15.3,1.2,3.4,0.355,0.8,2.7,0.292,0.4,0.8,0.571,0.468,0.3,0.3,1.0,0.1,0.8,0.9,1.4,0.7,0.2,0.9,0.9,3.6
32280,2025,3968,Paul George,,PF,34.0,15,NBA,PHI,20,20.0,31.6,5.6,13.7,0.405,2.0,6.2,0.315,3.6,7.5,0.48,0.476,2.4,3.1,0.787,0.8,4.8,5.6,4.8,2.0,0.5,2.6,2.4,15.5
32281,2025,4874,Paul Reed,,C,25.0,5,NBA,DET,18,0.0,11.8,2.1,3.6,0.569,0.3,0.8,0.333,1.8,2.8,0.64,0.608,0.9,1.2,0.81,0.8,1.7,2.5,1.1,1.3,0.7,0.6,1.8,5.3
32282,2025,4875,Payton Pritchard,,PG,27.0,5,NBA,BOS,33,0.0,28.6,5.4,11.4,0.471,3.7,8.7,0.425,1.7,2.7,0.618,0.633,1.2,1.5,0.854,1.5,2.4,3.9,3.4,1.0,0.1,1.1,1.7,15.7
32283,2025,5263,Pelle Larsson,,SG,23.0,1,NBA,MIA,18,0.0,16.1,1.9,3.9,0.493,0.6,1.8,0.344,1.3,2.2,0.615,0.57,0.9,1.4,0.64,0.6,1.3,1.8,1.4,0.6,0.0,0.6,2.3,5.4
32284,2025,5192,Pete Nance,,PF,24.0,2,NBA,PHI,1,0.0,3.0,1.0,1.0,1.0,1.0,1.0,1.0,0.0,0.0,,1.5,0.0,0.0,,0.0,1.0,1.0,0.0,0.0,0.0,0.0,3.0,3.0
32285,2025,5091,Peyton Watson,,SF,22.0,3,NBA,DEN,31,12.0,24.0,3.2,6.5,0.495,0.7,2.1,0.354,2.5,4.4,0.562,0.552,1.6,2.1,0.781,1.0,2.4,3.3,1.4,0.8,0.9,0.8,2.0,8.8
32286,2025,4876,Precious Achiuwa,,PF,25.0,5,NBA,NYK,12,1.0,19.4,2.0,4.3,0.471,0.3,0.9,0.364,1.7,3.3,0.5,0.51,0.7,1.3,0.533,2.2,4.6,6.8,1.3,0.7,0.8,1.1,1.4,5.0
32287,2025,5000,Quentin Grimes,,SG,24.0,4,NBA,DAL,31,10.0,21.6,3.2,6.9,0.467,1.6,3.9,0.421,1.6,3.0,0.527,0.586,1.2,1.7,0.731,0.8,3.2,4.0,1.6,0.6,0.3,1.2,1.6,9.3
32288,2025,5092,Quenton Jackson,,PG,26.0,3,NBA,IND,17,7.0,14.8,2.3,4.5,0.513,0.5,1.4,0.375,1.8,3.1,0.577,0.572,0.9,1.2,0.714,0.6,1.0,1.6,1.8,0.5,0.3,0.6,1.9,6.0
32289,2025,5264,Quincy Olivari,,PG,23.0,1,NBA,LAL,1,0.0,8.0,1.0,3.0,0.333,1.0,3.0,0.333,0.0,0.0,,0.5,0.0,0.0,,0.0,0.0,0.0,0.0,0.0,0.0,1.0,0.0,3.0
32290,2025,5265,Quinten Post,,PF,24.0,1,NBA,GSW,2,0.0,2.5,0.5,1.5,0.333,0.0,1.0,0.0,0.5,0.5,1.0,0.333,0.0,0.0,,0.5,0.0,0.5,0.5,0.0,0.0,0.0,0.0,1.0
32291,2025,4781,RJ Barrett,,SG,24.0,6,NBA,TOR,27,27.0,34.1,8.5,18.5,0.459,1.9,5.6,0.344,6.6,12.9,0.509,0.511,4.5,6.2,0.726,0.9,5.9,6.8,6.2,0.7,0.4,3.4,2.5,23.4
32292,2025,5193,Rayan Rupert,,SG,20.0,2,NBA,POR,25,0.0,9.9,1.2,2.7,0.426,0.4,1.2,0.29,0.8,1.5,0.541,0.493,0.5,0.6,0.75,0.7,0.7,1.4,0.5,0.3,0.1,0.5,0.7,3.2
32293,2025,5266,Reece Beekman,,PG,23.0,1,NBA,TOT,6,0.0,3.8,0.2,0.7,0.25,0.0,0.3,0.0,0.2,0.3,0.5,0.25,0.0,0.0,,0.2,0.0,0.2,0.3,0.2,0.0,0.3,0.5,0.3
32294,2025,5266,Reece Beekman,,PG,23.0,1,NBA,GSW,2,0.0,2.0,0.5,0.5,1.0,0.0,0.0,,0.5,0.5,1.0,1.0,0.0,0.0,,0.5,0.0,0.5,0.5,0.5,0.0,0.0,0.5,1.0
32295,2025,5266,Reece Beekman,,PG,23.0,1,NBA,BRK,4,0.0,4.8,0.0,0.8,0.0,0.0,0.5,0.0,0.0,0.3,0.0,0.0,0.0,0.0,,0.0,0.0,0.0,0.3,0.0,0.0,0.5,0.5,0.0
32296,2025,5267,Reed Sheppard,,PG,20.0,1,NBA,HOU,29,0.0,11.9,1.3,4.1,0.322,0.7,2.3,0.279,0.7,1.7,0.38,0.403,0.2,0.2,0.833,0.3,1.0,1.3,1.2,0.5,0.3,0.6,1.0,3.4
32297,2025,4050,Reggie Jackson,,PG,34.0,14,NBA,PHI,15,0.0,11.9,1.5,3.7,0.4,0.9,2.3,0.412,0.5,1.4,0.381,0.527,0.1,0.1,0.5,0.2,1.1,1.3,1.9,0.5,0.2,0.5,0.8,3.9
32298,2025,4359,Richaun Holmes,,PF,31.0,10,NBA,WAS,4,0.0,6.0,1.3,2.8,0.455,0.0,0.3,0.0,1.3,2.5,0.5,0.455,0.5,0.5,1.0,0.8,1.0,1.8,0.0,0.0,0.5,0.5,0.3,3.0
32299,2025,5194,Ricky Council IV,,SF,23.0,2,NBA,PHI,23,0.0,12.6,1.7,4.1,0.415,0.4,1.6,0.278,1.3,2.5,0.5,0.468,1.7,2.0,0.848,0.6,1.4,2.0,0.7,0.3,0.2,0.4,0.9,5.5
32300,2025,5268,Riley Minix,,SF,24.0,1,NBA,SAS,1,0.0,7.0,0.0,1.0,0.0,0.0,1.0,0.0,0.0,0.0,,0.0,0.0,0.0,,0.0,2.0,2.0,0.0,0.0,0.0,0.0,0.0,0.0
32301,2025,5269,Rob Dillingham,,PG,20.0,1,NBA,MIN,15,0.0,8.5,1.5,3.4,0.451,0.6,1.4,0.429,0.9,2.0,0.467,0.539,0.0,0.0,,0.1,0.7,0.7,1.7,0.1,0.0,1.1,0.3,3.7
32302,2025,4666,Robert Williams,,C,27.0,7,NBA,POR,11,1.0,16.5,2.8,3.9,0.721,0.1,0.3,0.333,2.7,3.6,0.75,0.733,1.1,1.2,0.923,1.6,3.3,4.9,1.1,0.7,1.5,0.8,1.1,6.8
32303,2025,5270,Ron Holland,,SF,19.0,1,NBA,DET,32,1.0,15.8,2.5,5.3,0.476,0.4,1.9,0.217,2.1,3.4,0.618,0.515,0.9,1.1,0.778,0.5,2.5,3.0,0.7,0.5,0.2,0.9,1.6,6.3
32304,2025,4560,Royce O'Neale,,SF,31.0,8,NBA,PHO,31,9.0,26.4,3.7,8.3,0.447,2.5,5.7,0.441,1.2,2.6,0.463,0.599,0.5,0.7,0.762,1.0,4.6,5.6,2.4,1.0,0.6,1.0,2.3,10.5
32305,2025,4199,Rudy Gobert,,C,32.0,12,NBA,MIN,32,32.0,33.7,4.0,6.3,0.632,0.0,0.0,,4.0,6.3,0.632,0.632,2.5,3.5,0.714,3.4,7.2,10.6,1.7,0.7,1.4,1.5,2.6,10.4
32306,2025,4784,Rui Hachimura,,PF,26.0,6,NBA,LAL,27,27.0,33.4,4.5,9.5,0.477,1.6,3.6,0.438,3.0,5.9,0.5,0.559,1.7,2.1,0.821,1.7,3.7,5.4,1.5,1.0,0.7,1.0,2.0,12.3
32307,2025,3849,Russell Westbrook,,PG,36.0,17,NBA,DEN,31,10.0,26.4,4.5,10.0,0.447,1.1,3.5,0.312,3.4,6.5,0.52,0.502,2.0,3.3,0.624,1.1,3.5,4.5,6.5,1.7,0.5,2.7,2.5,12.1
32308,2025,5271,Ryan Dunn,,SF,22.0,1,NBA,PHO,28,12.0,18.8,2.5,5.8,0.426,1.1,3.6,0.304,1.4,2.1,0.633,0.522,0.3,0.5,0.5,0.8,2.1,2.9,0.9,0.6,0.7,0.5,2.3,6.3
32309,2025,5095,Ryan Rollins,,PG,22.0,3,NBA,MIL,17,4.0,11.1,1.6,3.6,0.459,0.8,1.6,0.464,0.9,1.9,0.455,0.566,0.4,0.5,0.778,0.3,1.5,1.8,1.1,1.0,0.5,0.9,1.1,4.5
32310,2025,5003,Sam Hauser,,PF,27.0,4,NBA,BOS,26,4.0,21.5,2.9,6.7,0.434,2.1,5.6,0.372,0.8,1.1,0.75,0.59,0.1,0.1,1.0,0.8,2.4,3.2,1.2,0.8,0.2,0.3,1.2,7.9
32311,2025,4883,Sam Merrill,,SG,28.0,5,NBA,CLE,29,2.0,19.2,2.3,6.0,0.387,1.8,5.2,0.351,0.5,0.8,0.636,0.54,0.6,0.6,0.944,0.4,1.4,1.8,1.6,0.6,0.2,0.5,2.0,7.0
32312,2025,5004,Sandro Mamukelashvili,,PF,25.0,4,NBA,SAS,21,0.0,9.2,1.5,2.8,0.542,0.8,1.9,0.425,0.7,0.9,0.789,0.686,0.5,0.7,0.733,0.6,2.2,2.8,0.4,0.1,0.3,0.4,0.6,4.4
32313,2025,5005,Santi Aldama,,PF,24.0,4,NBA,MEM,31,11.0,25.7,5.1,10.0,0.508,1.7,4.5,0.388,3.4,5.5,0.605,0.595,1.1,1.4,0.767,1.5,5.7,7.3,3.0,0.9,0.5,1.2,1.0,13.0
32314,2025,5196,Scoot Henderson,,PG,20.0,2,NBA,POR,25,3.0,25.8,4.0,10.0,0.398,1.1,3.6,0.303,2.9,6.5,0.451,0.452,2.2,2.9,0.753,0.6,2.1,2.8,5.1,1.2,0.2,2.6,2.7,11.3
32315,2025,5006,Scottie Barnes,,PF,23.0,4,NBA,TOR,20,20.0,33.9,7.4,16.4,0.45,1.6,5.8,0.27,5.8,10.6,0.547,0.497,3.5,4.7,0.745,1.8,6.3,8.1,6.9,1.4,0.7,3.9,2.2,19.8
32316,2025,5096,Scotty Pippen Jr.,,PG,24.0,3,NBA,MEM,34,13.0,22.5,4.0,8.6,0.469,1.1,3.1,0.356,2.9,5.5,0.532,0.533,1.4,2.1,0.681,0.7,2.7,3.4,5.0,1.1,0.4,2.1,2.5,10.6
32317,2025,4203,Seth Curry,,SG,34.0,11,NBA,CHO,29,7.0,13.5,1.9,4.1,0.458,0.9,2.1,0.419,1.0,2.0,0.5,0.567,0.4,0.5,0.857,0.4,1.0,1.4,0.4,0.4,0.2,0.3,1.0,5.1
32318,2025,5097,Shaedon Sharpe,,SG,21.0,3,NBA,POR,24,22.0,30.8,6.7,14.7,0.455,1.8,6.3,0.291,4.8,8.4,0.577,0.517,2.7,3.3,0.8,0.7,2.8,3.5,2.5,0.8,0.3,1.6,1.8,17.8
32319,2025,4669,Shai Gilgeous-Alexander,,PG,26.0,7,NBA,OKC,32,32.0,34.5,11.1,21.0,0.528,2.2,6.2,0.35,8.9,14.8,0.601,0.579,7.0,7.9,0.878,0.8,4.7,5.5,6.0,2.0,1.2,2.7,2.1,31.3
32320,2025,4670,Shake Milton,,SG,28.0,7,NBA,TOT,28,1.0,17.9,2.7,5.8,0.466,1.1,2.7,0.395,1.6,3.0,0.529,0.559,0.9,1.2,0.758,0.6,1.3,1.9,2.3,0.5,0.0,0.7,1.6,7.3
32321,2025,4670,Shake Milton,,SG,28.0,7,NBA,BRK,27,1.0,18.2,2.7,5.8,0.465,1.0,2.7,0.389,1.7,3.1,0.529,0.554,0.9,1.2,0.758,0.6,1.3,1.9,2.4,0.6,0.0,0.7,1.6,7.4
32322,2025,4670,Shake Milton,,SG,28.0,7,NBA,LAL,1,0.0,10.0,2.0,4.0,0.5,2.0,4.0,0.5,0.0,0.0,,0.75,0.0,0.0,,0.0,2.0,2.0,0.0,0.0,0.0,0.0,1.0,6.0
32323,2025,5198,Sidy Cissoko,,SF,20.0,2,NBA,SAS,13,0.0,3.2,0.5,1.0,0.462,0.2,0.5,0.5,0.2,0.5,0.429,0.577,0.0,0.3,0.0,0.2,0.5,0.6,0.5,0.0,0.0,0.1,0.4,1.2
32324,2025,5098,Simone Fontecchio,,SF,29.0,3,NBA,DET,30,0.0,17.9,2.1,5.1,0.405,1.2,3.4,0.347,0.9,1.7,0.519,0.52,1.1,1.4,0.829,0.6,2.2,2.8,0.9,0.3,0.2,0.8,1.3,6.4
32325,2025,4291,Spencer Dinwiddie,,PG,31.0,11,NBA,DAL,31,4.0,22.6,2.7,7.1,0.382,1.3,3.8,0.336,1.4,3.3,0.436,0.473,2.6,2.9,0.89,0.2,1.9,2.1,3.4,0.9,0.3,0.9,1.5,9.3
32326,2025,5272,Spencer Jones,,SF,23.0,1,NBA,DEN,4,0.0,2.3,0.0,0.5,0.0,0.0,0.5,0.0,0.0,0.0,,0.0,0.0,0.0,,0.0,0.8,0.8,0.0,0.5,0.0,0.3,0.3,0.0
32327,2025,5099,Stanley Umude,,SG,25.0,3,NBA,MIL,8,0.0,3.3,0.1,0.6,0.2,0.1,0.5,0.25,0.0,0.1,0.0,0.3,0.0,0.3,0.0,0.0,0.8,0.8,0.3,0.1,0.1,0.0,0.1,0.4
32328,2025,3903,Stephen Curry,,PG,36.0,16,NBA,GSW,26,26.0,31.2,7.3,16.7,0.437,4.2,10.5,0.401,3.1,6.3,0.497,0.562,3.2,3.5,0.923,0.5,4.3,4.7,6.4,1.2,0.5,3.1,1.1,22.0
32329,2025,5273,Stephon Castle,,PG,20.0,1,NBA,SAS,32,17.0,25.1,3.9,10.0,0.389,1.0,3.7,0.261,2.9,6.3,0.465,0.437,2.3,3.2,0.716,0.6,1.9,2.5,3.6,0.8,0.3,1.9,1.7,11.0
32330,2025,4208,Steven Adams,,C,31.0,11,NBA,HOU,19,0.0,10.4,1.0,1.6,0.613,0.0,0.0,,1.0,1.6,0.613,0.613,0.5,1.4,0.37,1.7,2.2,3.9,1.2,0.3,0.2,1.1,1.1,2.5
32331,2025,4671,Svi Mykhailiuk,,SF,27.0,7,NBA,UTA,9,5.0,16.8,3.0,6.8,0.443,2.1,5.2,0.404,0.9,1.6,0.571,0.598,0.4,0.7,0.667,0.1,1.4,1.6,1.4,0.9,0.2,1.6,1.0,8.6
32332,2025,4365,T.J. McConnell,,PG,32.0,10,NBA,IND,33,0.0,19.6,4.9,9.0,0.551,0.2,0.7,0.292,4.7,8.2,0.574,0.563,0.8,1.1,0.703,0.6,2.0,2.6,4.3,1.2,0.3,1.6,1.0,10.9
32333,2025,3905,Taj Gibson,,C,39.0,16,NBA,CHO,14,8.0,10.8,1.1,2.4,0.471,0.1,0.1,0.5,1.1,2.3,0.469,0.485,0.3,0.4,0.667,1.5,1.7,3.2,0.5,0.4,0.2,0.6,1.3,2.6
32334,2025,4789,Talen Horton-Tucker,,SG,24.0,6,NBA,CHI,27,0.0,12.5,2.3,4.9,0.466,0.8,2.2,0.367,1.5,2.7,0.548,0.549,0.9,1.4,0.676,0.4,1.6,2.0,1.6,0.4,0.3,0.6,1.1,6.3
32335,2025,5100,Tari Eason,,PF,23.0,3,NBA,HOU,24,0.0,22.8,4.4,9.2,0.475,1.0,3.0,0.315,3.4,6.2,0.554,0.527,1.5,2.0,0.755,2.1,4.2,6.3,1.0,1.9,1.0,0.8,2.5,11.3
32336,2025,4449,Taurean Prince,,SF,30.0,9,NBA,MIL,31,26.0,26.0,2.7,6.0,0.449,1.7,3.7,0.456,1.0,2.4,0.438,0.588,0.4,0.6,0.722,0.6,3.4,4.0,1.7,0.9,0.2,1.2,2.0,7.5
32337,2025,5199,Taylor Hendricks,,PF,21.0,2,NBA,UTA,3,3.0,25.0,1.3,6.0,0.222,1.0,4.0,0.25,0.3,2.0,0.167,0.306,1.0,1.3,0.75,1.7,3.3,5.0,0.7,1.7,1.3,0.7,2.7,4.7
32338,2025,5200,Taze Moore,,SG,26.0,2,NBA,POR,2,0.0,10.0,1.0,5.0,0.2,0.5,2.0,0.25,0.5,3.0,0.167,0.25,0.5,1.0,0.5,2.0,2.0,4.0,0.5,1.0,0.0,1.0,0.0,3.0
32339,2025,4791,Terance Mann,,SG,28.0,6,NBA,LAC,23,11.0,21.0,2.4,5.6,0.438,0.7,2.0,0.34,1.7,3.5,0.494,0.5,0.7,1.0,0.667,1.0,2.0,3.1,1.7,1.0,0.2,0.6,2.0,6.3
32340,2025,5274,Terrence Shannon Jr.,,SG,24.0,1,NBA,MIN,10,0.0,4.5,0.7,1.3,0.538,0.1,0.3,0.333,0.6,1.0,0.6,0.577,0.0,0.0,,0.0,0.2,0.2,0.5,0.2,0.1,0.3,0.1,1.5
32341,2025,4366,Terry Rozier,,PG,30.0,10,NBA,MIA,27,13.0,28.7,4.3,10.8,0.397,1.7,5.3,0.322,2.6,5.5,0.47,0.476,1.7,2.0,0.887,0.7,3.3,4.0,2.7,0.7,0.4,1.5,1.4,12.0
32342,2025,4568,Thomas Bryant,,C,27.0,8,NBA,TOT,18,0.0,11.3,1.6,3.1,0.5,0.6,1.7,0.367,0.9,1.4,0.654,0.598,0.8,0.8,1.0,0.8,2.4,3.2,0.4,0.3,0.7,0.2,0.9,4.5
32343,2025,4568,Thomas Bryant,,C,27.0,8,NBA,MIA,10,0.0,11.5,1.2,2.8,0.429,0.6,1.7,0.353,0.6,1.1,0.545,0.536,1.1,1.1,1.0,0.6,2.6,3.2,0.4,0.1,0.9,0.2,0.9,4.1
32344,2025,4568,Thomas Bryant,,C,27.0,8,NBA,IND,8,0.0,11.1,2.0,3.5,0.571,0.6,1.6,0.385,1.4,1.9,0.733,0.661,0.4,0.4,1.0,1.1,2.1,3.3,0.4,0.5,0.4,0.3,0.9,5.0
32345,2025,5275,Tidjane Salaün,,PF,19.0,1,NBA,CHO,28,8.0,19.2,1.6,5.2,0.315,1.0,3.3,0.301,0.6,1.9,0.34,0.411,0.6,0.9,0.708,1.0,3.3,4.3,1.1,0.6,0.2,0.8,1.4,4.9
32346,2025,4209,Tim Hardaway Jr.,,SG,32.0,12,NBA,DET,29,29.0,27.2,3.3,7.9,0.419,1.9,5.3,0.361,1.4,2.6,0.541,0.541,1.4,1.7,0.875,0.2,1.8,2.0,1.6,0.3,0.0,0.7,1.3,10.0
32347,2025,4055,Tobias Harris,,PF,32.0,14,NBA,DET,30,30.0,31.5,4.8,11.1,0.429,1.3,4.2,0.32,3.4,6.9,0.495,0.489,1.9,2.2,0.848,1.0,5.3,6.3,2.4,0.8,0.9,1.1,2.0,12.7
32348,2025,4570,Torrey Craig,,SF,34.0,8,NBA,CHI,9,1.0,12.6,2.4,5.0,0.489,1.7,3.9,0.429,0.8,1.1,0.7,0.656,0.3,0.4,0.75,0.9,1.9,2.8,0.6,0.2,0.1,0.0,1.7,6.9
32349,2025,5204,Toumani Camara,,PF,24.0,2,NBA,POR,31,31.0,30.6,3.3,7.8,0.42,1.4,4.2,0.341,1.9,3.7,0.509,0.51,0.8,1.1,0.743,2.3,3.5,5.7,1.9,1.4,0.5,1.5,2.9,8.8
32350,2025,4675,Trae Young,,PG,26.0,7,NBA,ATL,31,31.0,36.0,6.7,16.8,0.397,2.8,8.5,0.336,3.8,8.4,0.458,0.481,5.8,6.6,0.879,0.6,3.0,3.6,12.1,1.3,0.2,4.5,2.1,22.0
32351,2025,5205,Trayce Jackson-Davis,,C,24.0,2,NBA,GSW,31,24.0,18.7,3.8,6.2,0.606,0.0,0.0,0.0,3.8,6.2,0.609,0.606,1.1,1.7,0.648,2.1,3.7,5.9,2.1,0.4,0.9,0.8,1.3,8.7
32352,2025,4887,Tre Jones,,PG,25.0,5,NBA,SAS,15,0.0,16.7,1.2,2.9,0.409,0.2,1.0,0.2,1.0,1.9,0.517,0.443,0.9,1.1,0.765,0.5,1.6,2.1,3.9,0.7,0.3,0.7,1.3,3.5
32353,2025,5012,Tre Mann,,PG,23.0,4,NBA,CHO,13,0.0,24.5,5.4,12.4,0.435,1.8,4.6,0.4,3.5,7.8,0.455,0.509,1.5,1.6,0.905,0.9,2.0,2.9,3.0,0.5,0.3,1.9,1.8,14.1
32354,2025,5014,Trendon Watford,,PF,24.0,4,NBA,BRK,13,0.0,16.1,2.7,6.1,0.443,0.6,2.0,0.308,2.1,4.1,0.509,0.494,2.3,2.7,0.857,0.3,2.5,2.8,1.2,0.4,0.3,1.2,2.3,8.3
32355,2025,5276,Trentyn Flowers,,SF,19.0,1,NBA,LAC,1,0.0,14.0,4.0,9.0,0.444,0.0,2.0,0.0,4.0,7.0,0.571,0.444,1.0,1.0,1.0,1.0,3.0,4.0,0.0,0.0,0.0,1.0,3.0,9.0
32356,2025,5015,Trevelin Queen,,SG,27.0,4,NBA,ORL,8,2.0,16.0,2.0,3.9,0.516,1.0,2.0,0.5,1.0,1.9,0.533,0.645,0.5,0.5,1.0,0.3,0.8,1.0,1.3,1.0,0.4,1.3,1.9,5.5
32357,2025,5277,Trey Alexander,,SG,21.0,1,NBA,DEN,10,0.0,4.8,0.3,1.2,0.25,0.1,0.6,0.167,0.2,0.6,0.333,0.292,0.2,0.2,1.0,0.0,0.1,0.1,0.3,0.0,0.1,0.1,0.3,0.9
32358,2025,5206,Trey Jemison,,C,25.0,2,NBA,NOP,16,0.0,10.4,0.9,2.0,0.469,0.0,0.0,,0.9,2.0,0.469,0.469,0.5,1.3,0.381,1.4,1.4,2.8,0.6,0.4,0.4,0.6,1.7,2.4
32359,2025,4369,Trey Lyles,,PF,29.0,10,NBA,SAC,23,2.0,20.0,2.1,5.5,0.386,1.4,3.9,0.356,0.7,1.6,0.459,0.512,0.8,1.1,0.76,1.0,3.1,4.1,0.8,0.5,0.5,0.5,1.4,6.5
32360,2025,5016,Trey Murphy III,,SF,24.0,4,NBA,NOP,20,18.0,34.1,6.9,15.1,0.457,3.1,8.3,0.37,3.9,6.9,0.562,0.558,3.3,3.7,0.89,0.8,3.7,4.5,2.6,1.2,0.7,1.8,2.3,20.1
32361,2025,5278,Tristan Da Silva,,SF,23.0,1,NBA,ORL,30,23.0,25.3,3.3,7.7,0.431,1.3,3.8,0.339,2.0,3.9,0.521,0.515,0.8,1.1,0.781,1.0,2.6,3.6,1.7,0.4,0.2,1.0,1.5,8.8
32362,2025,4058,Tristan Thompson,,PF,33.0,13,NBA,CLE,13,0.0,7.3,1.1,2.2,0.5,0.0,0.1,0.0,1.1,2.1,0.519,0.5,0.3,1.1,0.286,0.7,1.9,2.6,0.3,0.0,0.3,0.5,0.8,2.5
32363,2025,5207,Tristan Vukcevic,,C,21.0,2,NBA,WAS,2,0.0,2.5,0.0,1.5,0.0,0.0,1.5,0.0,0.0,0.0,,0.0,0.0,0.0,,0.0,0.0,0.0,0.0,0.0,0.5,0.0,0.0,0.0
32364,2025,5279,Tristen Newton,,SG,23.0,1,NBA,IND,5,0.0,1.6,0.2,1.2,0.167,0.0,0.6,0.0,0.2,0.6,0.333,0.167,0.2,0.2,1.0,0.0,0.0,0.0,0.2,0.0,0.0,0.2,0.4,0.6
32365,2025,4794,Ty Jerome,,SG,27.0,6,NBA,CLE,32,2.0,17.6,3.7,7.4,0.496,1.4,3.3,0.415,2.3,4.1,0.561,0.588,1.3,1.5,0.896,0.6,1.5,2.2,3.4,1.2,0.0,1.1,1.5,10.1
32366,2025,5103,TyTy Washington Jr.,,PG,23.0,3,NBA,PHO,3,0.0,9.0,1.0,2.0,0.5,0.7,1.0,0.667,0.3,1.0,0.333,0.667,0.0,0.0,,0.0,0.3,0.3,1.3,0.7,0.0,0.3,0.0,2.7
32367,2025,4796,Tyler Herro,,SG,25.0,6,NBA,MIA,30,30.0,35.2,8.3,17.5,0.476,3.9,9.6,0.41,4.4,7.9,0.557,0.589,3.4,4.1,0.844,0.3,5.4,5.7,5.2,0.7,0.1,2.5,1.6,24.0
32368,2025,5280,Tyler Kolek,,PG,23.0,1,NBA,NYK,19,0.0,6.1,0.8,2.1,0.4,0.5,1.3,0.417,0.3,0.8,0.375,0.525,0.2,0.2,1.0,0.1,0.5,0.6,0.6,0.3,0.1,0.4,0.5,2.4
32369,2025,5281,Tyler Smith,,PF,20.0,1,NBA,MIL,11,0.0,3.5,0.8,1.3,0.643,0.3,0.7,0.375,0.5,0.5,1.0,0.75,0.1,0.2,0.5,0.1,0.8,0.9,0.1,0.0,0.3,0.3,0.4,2.0
32370,2025,4892,Tyrese Haliburton,,PG,24.0,5,NBA,IND,34,34.0,35.3,6.0,14.0,0.432,2.9,8.3,0.345,3.2,5.7,0.557,0.534,2.7,3.2,0.852,0.7,3.0,3.7,8.6,1.2,0.6,1.9,1.4,17.6
32371,2025,5104,Tyrese Martin,,SG,25.0,2,NBA,BRK,16,2.0,16.6,2.6,5.8,0.457,1.6,3.9,0.397,1.1,1.8,0.586,0.592,0.6,0.7,0.818,0.9,2.4,3.3,1.3,0.4,0.2,0.8,1.2,7.4
32372,2025,4893,Tyrese Maxey,,PG,24.0,5,NBA,PHI,24,24.0,37.2,8.9,21.1,0.423,3.3,9.5,0.342,5.7,11.6,0.489,0.5,4.8,5.8,0.833,0.2,3.4,3.6,5.3,2.0,0.4,2.3,2.4,25.9
32373,2025,4370,Tyus Jones,,PG,28.0,10,NBA,PHO,32,32.0,31.3,4.8,9.7,0.492,2.3,5.3,0.435,2.5,4.5,0.559,0.609,0.8,0.9,0.857,0.6,2.1,2.6,6.3,1.0,0.2,1.3,1.1,12.6
32374,2025,5282,Ulrich Chomche,,PF,19.0,1,NBA,TOR,4,0.0,4.5,0.5,0.8,0.667,0.0,0.0,,0.5,0.8,0.667,0.667,0.0,0.0,,0.5,0.5,1.0,0.3,0.0,0.0,0.5,0.8,1.0
32375,2025,5208,Vasilije Micić,,PG,31.0,2,NBA,CHO,21,10.0,22.0,2.8,8.2,0.343,1.4,3.9,0.358,1.4,4.3,0.33,0.427,0.8,1.0,0.8,0.7,1.8,2.5,3.8,0.6,0.0,2.1,1.2,7.8
32376,2025,5209,Victor Wembanyama,,C,21.0,2,NBA,SAS,28,28.0,32.9,9.2,19.1,0.48,3.3,9.4,0.355,5.9,9.8,0.601,0.567,3.9,4.4,0.879,1.8,8.2,10.0,3.9,1.0,3.9,3.4,2.0,25.6
32377,2025,5105,Vince Williams Jr.,,SG,24.0,3,NBA,MEM,3,0.0,15.0,2.3,6.3,0.368,0.3,2.7,0.125,2.0,3.7,0.545,0.395,0.3,1.3,0.25,1.3,2.3,3.7,3.0,0.0,0.7,2.3,3.0,5.3
32378,2025,5019,Vit Krejci,,PG,24.0,4,NBA,ATL,19,3.0,13.9,1.1,3.2,0.333,0.4,1.9,0.222,0.6,1.3,0.5,0.4,0.5,0.7,0.692,0.5,1.4,1.9,1.9,0.6,0.3,0.8,1.6,3.0
32379,2025,4799,Vlatko Čančar,,PF,27.0,5,NBA,DEN,4,0.0,8.5,1.0,1.8,0.571,0.3,0.5,0.5,0.8,1.3,0.6,0.643,0.0,0.0,,0.8,1.3,2.0,0.0,0.0,0.3,0.5,1.0,2.3
32380,2025,5106,Walker Kessler,,C,23.0,3,NBA,UTA,25,25.0,29.8,4.5,6.3,0.709,0.1,0.1,0.667,4.4,6.2,0.71,0.715,1.4,2.6,0.523,4.0,7.0,11.0,1.6,0.5,2.8,1.5,2.3,10.4
32381,2025,4681,Wendell Carter Jr.,,C,25.0,7,NBA,ORL,21,18.0,24.7,2.6,5.5,0.466,0.3,1.9,0.175,2.2,3.6,0.618,0.496,1.9,2.6,0.709,1.6,5.5,7.1,2.2,0.7,0.6,0.8,2.5,7.3
32382,2025,5107,Wendell Moore Jr.,,SG,23.0,3,NBA,DET,13,0.0,14.1,1.6,3.2,0.512,0.2,0.8,0.273,1.4,2.3,0.6,0.549,1.0,1.1,0.929,0.8,2.4,3.2,1.4,0.6,0.2,0.6,1.0,4.5
32383,2025,4897,Xavier Tillman Sr.,,C,26.0,5,NBA,BOS,21,1.0,8.0,0.5,1.7,0.278,0.2,0.9,0.211,0.3,0.8,0.353,0.333,0.0,0.1,0.5,0.4,1.2,1.6,0.3,0.3,0.2,0.3,0.6,1.2
32384,2025,5283,Yuki Kawamura,,PG,23.0,1,NBA,MEM,15,0.0,3.5,0.5,1.3,0.4,0.3,0.9,0.286,0.3,0.4,0.667,0.5,0.3,0.4,0.667,0.0,0.3,0.3,0.7,0.1,0.0,0.3,0.3,1.6
32385,2025,5284,Yves Missi,,C,20.0,1,NBA,NOP,32,26.0,26.9,3.8,6.8,0.55,0.0,0.0,0.0,3.8,6.8,0.553,0.55,1.9,2.9,0.649,3.9,4.7,8.5,1.4,0.7,1.4,1.2,2.3,9.4
32386,2025,5285,Zaccharie Risacher,,SF,19.0,1,NBA,ATL,33,31.0,23.7,4.0,9.9,0.399,1.2,4.3,0.289,2.7,5.6,0.484,0.462,1.6,2.3,0.697,1.2,2.2,3.4,1.2,0.8,0.6,1.2,2.1,10.8
32387,2025,4580,Zach Collins,,C,27.0,7,NBA,SAS,26,4.0,14.0,2.0,4.3,0.468,0.5,1.5,0.308,1.5,2.8,0.556,0.523,1.2,1.3,0.886,1.2,2.0,3.2,1.8,0.5,0.5,0.8,2.2,5.7
32388,2025,5286,Zach Edey,,C,22.0,1,NBA,MEM,20,14.0,21.9,4.7,7.7,0.604,0.5,1.1,0.429,4.2,6.7,0.632,0.633,1.5,2.4,0.638,3.7,4.3,8.0,1.1,0.8,1.2,1.6,2.9,11.3
32389,2025,4299,Zach LaVine,,SF,29.0,11,NBA,CHI,28,28.0,33.4,7.9,15.8,0.499,3.3,7.4,0.447,4.5,8.3,0.545,0.604,3.0,3.6,0.814,0.2,4.4,4.6,4.3,0.8,0.3,3.0,1.7,22.0
32390,2025,4898,Zeke Nnaji,,PF,24.0,5,NBA,DEN,18,0.0,4.7,0.6,1.3,0.417,0.0,0.5,0.0,0.6,0.8,0.667,0.417,0.1,0.3,0.2,0.1,0.3,0.4,0.2,0.1,0.1,0.1,0.4,1.2
32391,2025,5024,Ziaire Williams,,SF,23.0,4,NBA,BRK,21,7.0,21.9,3.0,7.6,0.403,0.9,3.1,0.273,2.2,4.4,0.495,0.459,1.7,2.1,0.795,1.0,3.3,4.4,1.1,1.0,0.3,0.9,2.7,8.6
32392,2025,4803,Zion Williamson,,PF,24.0,5,NBA,NOP,6,6.0,31.0,7.8,17.3,0.452,0.3,1.0,0.333,7.5,16.3,0.459,0.462,6.7,10.0,0.667,2.7,5.3,8.0,5.3,0.7,1.2,3.7,3.0,22.7
